time,theta_b,dtheta_b,dtheta_w
5.25,0.00,0.00,529.73,0.00
10.33,-0.20,-36.66,1025.19,-1.00
15.40,-0.31,-19.39,599.60,-1.00
20.48,-0.52,-26.34,694.88,-1.00
25.55,-0.63,-21.85,1101.41,-1.00
30.62,-0.73,-25.12,35354.88,-1.00
35.70,-0.84,-21.58,15028.30,-1.00
40.77,-0.94,-18.00,1047.42,-1.00
46.52,-1.05,-25.97,19906.68,-1.00
51.60,-1.15,-26.03,1063.30,-1.00
56.67,-1.36,-24.01,1034.71,-1.00
75.08,-1.36,-24.01,647.24,-1.00
80.15,-1.57,-23.79,647.24,-1.00
85.21,-1.67,-23.88,647.24,-1.00
101.73,-1.77,-24.86,647.24,-1.00
106.80,-1.88,-5.92,647.24,-1.00
111.87,-1.98,-24.62,647.24,-1.00
128.40,-2.08,-25.55,647.24,-1.00
133.47,-2.28,-24.47,647.24,-1.00
138.54,-2.38,-24.96,647.24,-1.00
155.07,-2.48,-25.06,647.24,-1.00
160.13,-2.58,-5.86,647.24,-1.00
165.20,-2.69,-23.33,647.24,-1.00
181.73,-2.78,-23.12,647.24,-1.00
186.80,-2.98,-23.31,647.24,-1.00
191.88,-3.08,-23.17,647.24,-1.00
208.41,-3.18,-5.73,647.24,-1.00
213.48,-3.18,-5.73,647.24,-1.00
218.55,-3.18,-5.73,647.24,-1.00
235.06,-3.18,-5.73,647.24,-1.00
240.14,-3.18,-5.73,647.24,-1.00
245.21,-3.18,-5.73,647.24,-1.00
260.88,-3.18,-5.73,647.24,-1.00
265.95,-3.18,-5.73,647.24,-1.00
271.01,-4.76,-25.18,647.24,-1.00
288.41,-4.76,-25.18,647.24,-1.00
293.48,-4.95,-21.86,647.24,-1.00
298.56,-5.04,-21.91,647.24,0.00
315.08,-5.04,-21.91,647.24,0.00
320.17,-5.23,-22.26,647.24,-1.00
325.24,-5.32,-23.17,647.24,-1.00
341.75,-5.41,-5.18,647.24,-1.00
346.83,-5.50,-21.47,647.24,-1.00
351.90,-5.60,-21.37,647.24,-1.00
368.42,-5.69,-21.17,647.24,-1.00
373.50,-5.78,-5.22,647.24,-1.00
378.57,-5.87,-21.10,647.24,-1.00
395.07,-5.96,-21.14,647.24,-1.00
400.15,-6.14,-20.88,647.24,-1.00
405.22,-6.23,-21.13,647.24,-1.00
421.75,-6.32,-5.13,647.24,-1.00
426.83,-6.41,-21.15,647.24,-1.00
431.91,-6.50,-22.07,647.24,-1.00
448.40,-6.59,-22.27,647.24,-1.00
453.48,-6.77,-20.69,647.24,-1.00
458.56,-6.85,-20.51,647.24,-1.00
475.09,-6.94,-5.08,647.24,-1.00
480.16,-7.03,-20.26,647.24,-1.00
485.24,-7.12,-20.11,647.24,-1.00
501.75,-7.20,-20.51,647.24,-1.00
506.83,-7.29,-4.97,647.24,-1.00
511.91,-7.38,-18.29,647.24,-1.00
528.42,-7.46,-19.25,647.24,-1.00
533.49,-7.55,-4.82,647.24,-1.00
538.57,-7.63,-19.08,647.24,-1.00
555.09,-7.72,-19.48,647.24,-1.00
560.16,-7.80,-4.72,647.24,-1.00
565.24,-7.89,-17.53,647.24,-1.00
581.75,-7.89,-17.53,647.24,-1.00
586.82,-7.97,-4.74,647.24,-1.00
591.90,-8.14,-17.83,647.24,-1.00
608.42,-8.14,-17.83,647.24,-1.00
613.50,-8.31,-18.84,647.24,-1.00
618.57,-8.39,-18.68,647.24,-1.00
635.08,-8.39,-18.68,647.24,-1.00
640.16,-8.48,-4.70,647.24,-1.00
645.24,-8.64,-17.97,647.24,-1.00
661.75,-8.64,-17.97,647.24,-1.00
666.83,-8.73,-4.81,647.24,-1.00
671.90,-8.81,-16.97,647.24,-1.00
688.42,-8.89,-17.01,647.24,-1.00
693.49,-8.97,-4.83,647.24,-1.00
698.57,-9.05,-16.83,647.24,-1.00
715.08,-9.14,-16.76,647.24,-1.00
720.16,-9.22,-4.79,647.24,-1.00
725.23,-9.22,-4.79,647.24,-1.00
741.74,-9.22,-4.79,647.24,-1.00
746.81,-9.22,-4.79,647.24,-1.00
751.89,-9.22,-4.79,647.24,-1.00
768.07,-9.22,-4.79,647.24,-1.00
773.15,-9.22,-4.79,647.24,-1.00
778.22,-12.26,-50.37,647.24,-1.00
795.08,-12.33,-13.82,647.24,-1.00
800.16,-12.40,-3.96,647.24,-1.00
805.23,-12.47,-17.60,647.24,-1.00
821.74,-12.54,-17.69,647.24,-1.00
826.82,-12.68,-17.34,647.24,-1.00
831.89,-12.76,-17.03,647.24,-1.00
848.41,-12.83,-16.19,647.24,-1.00
853.49,-12.90,-4.01,647.24,-1.00
858.57,-12.96,-15.91,647.24,-1.00
875.08,-13.03,-15.95,647.24,-1.00
880.16,-13.10,-3.94,647.24,-1.00
885.23,-13.17,-16.09,647.24,-1.00
901.74,-13.24,-16.24,647.24,-1.00
906.82,-13.38,-15.73,647.24,-1.00
911.89,-13.44,-16.48,647.24,-1.00
928.42,-13.51,-16.93,647.24,-1.00
933.50,-13.58,-3.91,647.24,-1.00
938.57,-13.65,-15.72,647.24,-1.00
955.07,-13.71,-15.72,647.24,-1.00
960.15,-13.85,-15.83,647.24,-1.00
965.22,-13.91,-15.72,647.24,-1.00
981.75,-13.98,-3.80,647.24,-1.00
986.83,-14.05,-15.23,647.24,-1.00
991.90,-14.11,-15.22,647.24,-1.00
1008.41,-14.18,-16.02,647.24,-1.00
1013.49,-14.24,-3.86,647.24,-1.00
1018.57,-14.31,-15.45,647.24,-1.00
1035.09,-14.37,-16.10,647.24,-1.00
1040.16,-14.44,-4.09,647.24,-1.00
1045.24,-14.44,-4.09,647.24,-1.00
1061.74,-14.44,-4.09,647.24,-1.00
1066.81,-14.44,-4.09,647.24,-1.00
1071.89,-14.44,-4.09,647.24,-1.00
1088.12,-14.44,-4.09,647.24,-1.00
1093.20,-14.44,-4.09,647.24,-1.00
1098.28,-15.81,-22.46,647.24,-1.00
1115.08,-15.81,-22.46,647.24,-1.00
1120.16,-15.93,-14.56,647.24,-1.00
1125.23,-15.99,-14.65,647.24,-1.00
1141.75,-16.05,-14.80,647.24,-1.00
1146.82,-16.11,-3.42,647.24,-1.00
1151.90,-16.17,-13.85,647.24,-1.00
1168.42,-16.23,-14.90,647.24,-1.00
1173.49,-16.34,-13.40,647.24,-1.00
1178.58,-16.40,-13.56,647.24,-1.00
1195.09,-16.46,-3.34,647.24,-1.00
1200.16,-16.52,-13.40,647.24,-1.00
1205.24,-16.57,-13.43,647.24,-1.00
1221.75,-16.63,-13.46,647.24,-1.00
1226.83,-16.69,-3.37,647.24,-1.00
1231.91,-16.75,-13.59,647.24,-1.00
1248.42,-16.80,-14.22,647.24,-1.00
1253.49,-16.92,-13.35,647.24,-1.00
1258.57,-16.97,-13.09,647.24,-1.00
1275.08,-17.03,-3.21,647.24,-1.00
1280.16,-17.09,-13.09,647.24,-1.00
1285.24,-17.14,-12.96,647.24,-1.00
1301.75,-17.20,-13.05,647.24,-1.00
1306.83,-17.25,-3.23,647.24,-1.00
1311.90,-17.31,-13.59,647.24,-1.00
1328.42,-17.37,-13.77,647.24,-1.00
1333.50,-17.42,-3.57,647.24,-1.00
1338.57,-17.48,-11.47,647.24,-1.00
1355.08,-17.53,-11.58,647.24,-1.00
1360.16,-17.59,-3.23,647.24,-1.00
1365.24,-17.64,-11.36,647.24,-1.00
1381.75,-17.70,-11.24,647.24,-1.00
1386.83,-17.75,-3.15,647.24,-1.00
1391.90,-17.80,-11.14,647.24,-1.00
1408.42,-17.86,-11.21,647.24,-1.00
1413.50,-17.91,-3.13,647.24,-1.00
1418.57,-18.02,-12.00,647.24,-1.00
1435.08,-18.02,-12.00,647.24,-1.00
1440.16,-18.07,-3.03,647.24,-1.00
1445.24,-18.12,-10.71,647.24,-1.00
1461.75,-18.18,-10.81,647.24,-1.00
1466.83,-18.23,-3.08,647.24,-1.00
1471.91,-18.28,-10.98,647.24,-1.00
1488.42,-18.33,-11.00,647.24,-1.00
1493.50,-18.39,-3.07,647.24,-1.00
1498.57,-18.44,-10.80,647.24,-1.00
1515.09,-18.49,-10.59,647.24,-1.00
1520.16,-18.54,-3.07,647.24,-1.00
1525.24,-18.65,-11.63,647.24,-1.00
1541.75,-18.65,-11.63,647.24,-1.00
1546.83,-18.70,-2.85,647.24,-1.00
1551.90,-18.70,-2.85,647.24,-1.00
1568.41,-18.70,-2.85,647.24,-1.00
1573.48,-18.70,-2.85,647.24,-1.00
1578.55,-18.70,-2.85,647.24,-1.00
1595.07,-18.70,-2.85,647.24,-1.00
1600.15,-18.70,-2.85,647.24,-1.00
1605.22,-20.56,-30.96,647.24,-1.00
1621.75,-20.60,-9.02,647.24,-1.00
1626.83,-20.65,-2.48,647.24,-1.00
1631.90,-20.69,-10.90,647.24,-1.00
1648.42,-20.74,-11.04,647.24,-1.00
1653.49,-20.82,-10.51,647.24,-1.00
1658.57,-20.87,-10.15,647.24,-1.00
1675.08,-20.91,-2.44,647.24,-1.00
1680.16,-20.95,-10.07,647.24,-1.00
1685.23,-21.00,-10.04,647.24,-1.00
1701.75,-21.04,-10.02,647.24,-1.00
1706.82,-21.08,-2.46,647.24,-1.00
1711.90,-21.12,-10.18,647.24,-1.00
1728.41,-21.17,-10.95,647.24,-1.00
1733.48,-21.25,-10.12,647.24,-1.00
1738.56,-21.29,-10.49,647.24,-1.00
1755.09,-21.34,-10.58,647.24,-1.00
1760.17,-21.38,-2.41,647.24,-1.00
1765.24,-21.42,-10.24,647.24,-1.00
1781.75,-21.46,-10.49,647.24,-1.00
1786.83,-21.55,-10.34,647.24,-1.00
1791.90,-21.59,-10.26,647.24,-1.00
1808.41,-21.63,-10.10,647.24,-1.00
1813.49,-21.67,-2.36,647.24,-1.00
1818.56,-21.71,-9.75,647.24,-1.00
1835.08,-21.75,-10.30,647.24,-1.00
1840.16,-21.83,-9.26,647.24,-1.00
1845.24,-21.87,-9.42,647.24,-1.00
1861.75,-21.91,-2.29,647.24,-1.00
1866.83,-21.95,-8.36,647.24,-1.00
1871.90,-21.99,-8.26,647.24,-1.00
1888.42,-21.99,-8.26,647.24,-1.00
1893.49,-22.03,-2.26,647.24,-1.00
1898.57,-22.07,-8.35,647.24,-1.00
1915.09,-22.11,-8.17,647.24,-1.00
1920.16,-22.15,-2.34,647.24,-1.00
1925.24,-22.23,-9.10,647.24,-1.00
1941.75,-22.23,-9.10,647.24,-1.00
1946.83,-22.27,-2.26,647.24,-1.00
1951.90,-22.35,-7.91,647.24,-1.00
1968.42,-22.35,-7.91,647.24,-1.00
1973.49,-22.39,-2.26,647.24,-1.00
1978.57,-22.43,-8.15,647.24,-1.00
1995.09,-22.46,-7.85,647.24,-1.00
2000.17,-22.50,-2.22,647.24,-1.00
2005.24,-22.54,-8.19,647.24,-1.00
2021.75,-22.58,-7.73,647.24,-1.00
2026.83,-22.62,-2.26,647.24,-1.00
2031.90,-22.69,-8.31,647.24,-1.00
2048.42,-22.69,-8.31,647.24,-1.00
2053.49,-22.73,-2.08,647.24,-1.00
2058.57,-22.73,-2.08,647.24,-1.00
2075.07,-22.73,-2.08,647.24,-1.00
2080.15,-22.73,-2.08,647.24,-1.00
2085.22,-22.73,-2.08,647.24,-1.00
2101.74,-22.73,-2.08,647.24,-1.00
2106.82,-22.73,-2.08,647.24,-1.00
2111.89,-22.73,-2.08,647.24,-1.00
2128.41,-24.07,-21.06,647.24,-1.00
2133.49,-24.14,-8.10,647.24,-1.00
2138.56,-24.17,-8.10,647.24,-1.00
2155.07,-24.21,-8.29,647.24,-1.00
2160.15,-24.24,-1.89,647.24,-1.00
2165.22,-24.27,-7.74,647.24,-1.00
2181.74,-24.30,-7.38,647.24,-1.00
2186.81,-24.37,-7.37,647.24,-1.00
2191.89,-24.40,-7.86,647.24,-1.00
2208.41,-24.43,-7.93,647.24,-1.00
2213.49,-24.46,-1.85,647.24,-1.00
2218.56,-24.49,-7.50,647.24,-1.00
2235.07,-24.53,-7.96,647.24,-1.00
2240.15,-24.59,-7.67,647.24,-1.00
2245.22,-24.62,-7.87,647.24,-1.00
2261.74,-24.65,-7.70,647.24,-1.00
2266.81,-24.68,-1.80,647.24,-1.00
2271.89,-24.71,-7.20,647.24,-1.00
2288.40,-24.74,-7.18,647.24,-1.00
2293.48,-24.81,-7.39,647.24,-1.00
2298.55,-24.84,-7.17,647.24,-1.00
2315.08,-24.87,-1.79,647.24,-1.00
2320.16,-24.90,-7.28,647.24,-1.00
2325.23,-24.93,-7.63,647.24,-1.00
2341.74,-24.96,-7.73,647.24,-1.00
2346.81,-25.02,-6.95,647.24,-1.00
2351.90,-25.05,-6.96,647.24,-1.00
2368.42,-25.08,-1.71,647.24,-1.00
2373.50,-25.11,-5.99,647.24,-1.00
2378.57,-25.14,-6.02,647.24,-1.00
2395.09,-25.14,-6.02,647.24,-1.00
2400.16,-25.17,-1.73,647.24,-1.00
2405.24,-25.23,-6.29,647.24,-1.00
2421.75,-25.23,-6.29,647.24,-1.00
2426.83,-25.26,-1.68,647.24,-1.00
2431.90,-25.31,-6.47,647.24,-1.00
2448.42,-25.31,-6.47,647.24,-1.00
2453.49,-25.34,-1.67,647.24,-1.00
2458.57,-25.37,-5.93,647.24,-1.00
2475.08,-25.41,-6.88,647.24,-1.00
2480.16,-25.47,-3.89,647.24,-1.00
2485.24,-25.47,-0.02,647.24,-1.00
2501.75,-25.44,7.35,647.24,-1.00
2506.83,-25.41,1.31,647.24,-1.00
2511.90,-25.40,2.70,647.24,-1.00
2528.42,-25.37,6.67,647.24,-1.00
2533.49,-25.35,1.36,647.24,-1.00
2538.58,-25.34,-0.40,647.24,-1.00
2555.08,-25.34,-0.40,647.24,-1.00
2560.16,-25.37,-1.68,647.24,-1.00
2565.24,-25.51,-17.05,647.24,-1.00
2581.75,-25.51,-17.05,647.24,-1.00
2586.83,-25.60,-4.91,647.24,-1.00
2591.90,-25.60,-4.91,647.24,-1.00
2608.40,-25.60,-4.91,647.24,-1.00
2613.48,-25.60,-4.91,647.24,-1.00
2618.55,-25.60,-4.91,647.24,-1.00
2635.07,-25.60,-4.91,647.24,-1.00
2640.15,-25.60,-4.91,647.24,-1.00
2645.22,-26.95,-21.88,647.24,-1.00
2661.75,-26.95,-21.88,647.24,-1.00
2666.83,-26.94,2.54,647.24,-1.00
2671.91,-26.92,4.88,647.24,-1.00
2688.42,-26.90,1.48,647.24,-1.00
2693.49,-26.87,5.90,647.24,-1.00
2698.57,-26.85,5.24,647.24,-1.00
2715.08,-26.84,3.34,647.24,-1.00
2720.16,-26.83,0.49,647.24,-1.00
2725.23,-26.83,-0.18,647.24,-1.00
2741.75,-26.84,-2.74,647.24,-1.00
2746.83,-26.91,-10.56,647.24,-1.00
2751.91,-26.97,-12.58,647.24,-1.00
2768.42,-27.02,-3.14,647.24,-1.00
2773.50,-27.08,-13.84,647.24,-1.00
2778.57,-27.12,-11.96,647.24,-1.00
2795.07,-27.15,-7.06,647.24,-1.00
2800.15,-27.16,1.13,647.24,-1.00
2805.22,-27.14,3.34,647.24,-1.00
2821.75,-27.13,2.78,647.24,-1.00
2826.82,-27.13,-0.02,647.24,-1.00
2831.90,-27.14,-1.88,647.24,-1.00
2848.42,-27.16,-4.27,647.24,-1.00
2853.50,-27.21,-6.46,647.24,-1.00
2858.57,-27.24,-8.54,647.24,-1.00
2875.08,-27.29,-2.62,647.24,-1.00
2880.16,-27.29,-2.62,647.24,-1.00
2885.23,-27.29,-2.62,647.24,-1.00
2901.74,-27.29,-2.62,647.24,-1.00
2906.81,-27.29,-2.62,647.24,-1.00
2911.89,-27.29,-2.62,647.24,-1.00
2927.81,-27.29,-2.62,647.24,-1.00
2932.89,-27.29,-2.62,647.24,-1.00
2937.96,-27.29,-2.62,647.24,-1.00
2955.09,-27.94,-10.07,647.24,-1.00
2960.16,-27.97,-1.48,647.24,-1.00
2965.24,-28.00,-6.70,647.24,-1.00
2981.74,-28.03,-7.36,647.24,-1.00
2986.81,-28.10,-8.04,647.24,-1.00
2991.89,-28.13,-6.77,647.24,-1.00
3008.42,-28.16,-1.47,647.24,-1.00
3013.49,-28.18,-5.24,647.24,-1.00
3018.57,-28.19,-2.85,647.24,-1.00
3035.07,-28.20,-1.97,647.24,-1.00
3040.15,-28.21,-1.10,647.24,-1.00
3045.22,-28.21,-1.32,647.24,-1.00
3061.75,-28.22,-1.29,647.24,-1.00
3066.82,-28.23,-0.46,647.24,-1.00
3071.90,-28.24,-3.58,647.24,-1.00
3088.41,-28.26,-4.86,647.24,-1.00
3093.49,-28.29,-1.55,647.24,-1.00
3098.56,-28.32,-6.15,647.24,-1.00
3115.07,-28.33,-4.08,647.24,-1.00
3120.15,-28.32,3.70,647.24,-1.00
3125.22,-28.29,6.53,647.24,-1.00
3141.75,-28.26,7.83,647.24,-1.00
3146.82,-28.23,1.66,647.24,-1.00
3151.90,-28.21,4.95,647.24,-1.00
3168.41,-28.20,2.61,647.24,-1.00
3173.48,-28.20,-1.04,647.24,-1.00
3178.56,-28.21,-2.07,647.24,-1.00
3195.08,-28.22,-0.44,647.24,-1.00
3200.16,-28.23,-0.80,647.24,-1.00
3205.24,-28.22,0.99,647.24,-1.00
3221.75,-28.22,0.99,647.24,-1.00
3226.83,-28.20,0.88,647.24,-1.00
3231.90,-28.18,0.68,647.24,-1.00
3248.42,-28.18,0.68,647.24,-1.00
3253.49,-28.19,-0.10,647.24,-1.00
3258.57,-28.21,-4.57,647.24,-1.00
3275.08,-28.26,-9.59,647.24,-1.00
3280.16,-28.31,-3.40,647.24,-1.00
3285.24,-28.39,-16.08,647.24,-1.00
3301.75,-28.47,-17.21,647.24,-1.00
3306.83,-28.55,-4.23,647.24,-1.00
3311.90,-28.59,-9.61,647.24,-1.00
3328.42,-28.62,-5.68,647.24,-1.00
3333.49,-28.63,-0.47,647.24,-1.00
3338.57,-28.59,5.24,647.24,-1.00
3355.08,-28.59,5.24,647.24,-1.00
3360.16,-28.58,0.98,647.24,-1.00
3365.24,-28.57,1.11,647.24,-1.00
3381.75,-28.58,-1.60,647.24,-1.00
3386.83,-28.60,-1.41,647.24,-1.00
3391.90,-28.60,-1.41,647.24,-1.00
3408.40,-28.60,-1.41,647.24,-1.00
3413.48,-28.60,-1.41,647.24,-1.00
3418.55,-28.60,-1.41,647.24,-1.00
3435.07,-28.60,-1.41,647.24,-1.00
3440.15,-28.60,-1.41,647.24,-1.00
3445.22,-28.97,-5.81,647.24,-1.00
3461.75,-28.97,-5.81,647.24,-1.00
3466.83,-29.02,-6.93,647.24,-1.00
3471.90,-29.05,-8.13,647.24,-1.00
3488.42,-29.09,-1.98,647.24,-1.00
3493.49,-29.12,-7.02,647.24,-1.00
3498.57,-29.14,-5.63,647.24,-1.00
3515.08,-29.16,-4.35,647.24,-1.00
3520.16,-29.17,-0.78,647.24,-1.00
3525.23,-29.18,-2.17,647.24,-1.00
3541.75,-29.19,-1.95,647.24,-1.00
3546.82,-29.21,-3.44,647.24,-1.00
3551.90,-29.23,-4.67,647.24,-1.00
3568.41,-29.26,-6.09,647.24,-1.00
3573.49,-29.28,-1.56,647.24,-1.00
3578.57,-29.31,-6.08,647.24,-1.00
3595.08,-29.33,-5.14,647.24,-1.00
3600.16,-29.36,-2.51,647.24,-1.00
3605.24,-29.36,-0.85,647.24,-1.00
3621.75,-29.36,0.01,647.24,-1.00
3626.83,-29.36,0.81,647.24,-1.00
3631.90,-29.36,-0.21,647.24,-1.00
3648.41,-29.37,-1.92,647.24,-1.00
3653.48,-29.41,-5.49,647.24,-1.00
3658.56,-29.43,-5.18,647.24,-1.00
3675.08,-29.45,-0.66,647.24,-1.00
3680.16,-29.45,-0.04,647.24,-1.00
3685.24,-29.44,1.76,647.24,-1.00
3701.75,-29.43,2.50,647.24,-1.00
3706.83,-29.41,1.20,647.24,-1.00
3711.90,-29.38,5.79,647.24,-1.00
3728.41,-29.36,4.42,647.24,-1.00
3733.49,-29.35,0.34,647.24,-1.00
3738.56,-29.37,-4.02,647.24,-1.00
3755.08,-29.40,-6.21,647.24,-1.00
3760.16,-29.44,-2.42,647.24,-1.00
3765.24,-29.50,-11.53,647.24,-1.00
3781.75,-29.50,-11.53,647.24,-1.00
3786.83,-29.65,-18.77,647.24,-1.00
3791.91,-29.73,-17.27,647.24,-1.00
3808.42,-29.73,-17.27,647.24,-1.00
3813.49,-29.80,-3.82,647.24,-1.00
3818.57,-29.85,-2.28,647.24,-1.00
3835.08,-29.85,-2.28,647.24,-1.00
3840.16,-29.83,1.19,647.24,-1.00
3845.24,-29.72,13.24,647.24,-1.00
3861.75,-29.72,13.24,647.24,-1.00
3866.83,-29.67,2.82,647.24,-1.00
3871.90,-29.63,7.59,647.24,-1.00
3888.42,-29.62,1.88,647.24,-1.00
3893.49,-29.65,-1.38,647.24,-1.00
3898.57,-29.65,-1.38,647.24,-1.00
3915.07,-29.65,-1.38,647.24,-1.00
3920.15,-29.65,-1.38,647.24,-1.00
3925.22,-29.65,-1.38,647.24,-1.00
3941.74,-29.65,-1.38,647.24,-1.00
3946.81,-29.65,-1.38,647.24,-1.00
3951.89,-30.22,-9.17,647.24,-1.00
3968.42,-30.22,-9.17,647.24,-1.00
3973.50,-30.23,-1.71,647.24,-1.00
3978.58,-30.24,-3.47,647.24,-1.00
3995.09,-30.26,-1.28,647.24,-1.00
4000.16,-30.29,-6.34,647.24,-1.00
4005.24,-30.32,-6.52,647.24,-1.00
4021.75,-30.34,-5.56,647.24,-1.00
4026.83,-30.36,-1.00,647.24,-1.00
4031.90,-30.37,-2.12,647.24,-1.00
4048.42,-30.37,-0.24,647.24,-1.00
4053.49,-30.38,-2.64,647.24,-1.00
4058.57,-30.38,-0.83,647.24,-1.00
4075.08,-30.36,1.47,647.24,-1.00
4080.16,-30.32,8.29,647.24,-1.00
4085.23,-30.29,6.85,647.24,-1.00
4101.75,-30.28,3.04,647.24,-1.00
4106.83,-30.30,-1.21,647.24,-1.00
4111.90,-30.35,-11.70,647.24,-1.00
4128.40,-30.42,-16.03,647.24,-1.00
4133.48,-30.54,-12.10,647.24,-1.00
4138.56,-30.57,-6.79,647.24,-1.00
4155.09,-30.58,-0.52,647.24,-1.00
4160.16,-30.57,2.61,647.24,-1.00
4165.24,-30.54,5.61,647.24,-1.00
4181.75,-30.51,6.79,647.24,-1.00
4186.83,-30.49,1.50,647.24,-1.00
4191.90,-30.49,1.50,647.24,-1.00
4208.40,-30.49,1.50,647.24,-1.00
4213.48,-30.49,1.50,647.24,-1.00
4218.55,-30.49,1.50,647.24,-1.00
4235.07,-30.49,1.50,647.24,-1.00
4240.15,-30.49,1.50,647.24,-1.00
4245.23,-30.49,1.50,647.24,-1.00
4261.74,-30.70,-3.55,647.24,-1.00
4266.81,-30.65,4.38,647.24,-1.00
4271.89,-30.65,1.87,647.24,-1.00
4288.42,-30.65,-0.30,647.24,-1.00
4293.50,-30.67,-4.41,647.24,-1.00
4298.57,-30.70,-6.39,647.24,-1.00
4315.08,-30.73,-7.42,647.24,-1.00
4320.16,-30.76,-1.70,647.24,-1.00
4325.23,-30.78,-6.36,647.24,-1.00
4341.75,-30.80,-3.76,647.24,-1.00
4346.83,-30.81,-0.39,647.24,-1.00
4351.90,-30.80,0.85,647.24,-1.00
4368.42,-30.80,0.31,647.24,-1.00
4373.49,-30.80,0.03,647.24,-1.00
4378.57,-30.80,-1.33,647.24,-1.00
4395.09,-30.82,-2.44,647.24,-1.00
4400.16,-30.83,-1.02,647.24,-1.00
4405.24,-30.86,-5.28,647.24,-1.00
4421.74,-30.88,-5.09,647.24,-1.00
4426.81,-30.90,-2.55,647.24,-1.00
4431.89,-30.91,-1.83,647.24,-1.00
4448.42,-30.92,-1.15,647.24,-1.00
4453.49,-30.92,-0.18,647.24,-1.00
4458.57,-30.92,-0.42,647.24,-1.00
4475.07,-30.93,-1.48,647.24,-1.00
4480.15,-30.95,-3.20,647.24,-1.00
4485.23,-30.96,-3.41,647.24,-1.00
4501.75,-30.98,-0.76,647.24,-1.00
4506.83,-30.99,-2.18,647.24,-1.00
4511.90,-31.00,-1.77,647.24,-1.00
4528.42,-31.00,-1.77,647.24,-1.00
4533.49,-31.01,-0.50,647.24,-1.00
4538.57,-31.03,-2.28,647.24,-1.00
4555.09,-31.03,-2.28,647.24,-1.00
4560.16,-31.04,-0.52,647.24,-1.00
4565.24,-31.04,-1.78,647.24,-1.00
4581.75,-31.05,-1.44,647.24,-1.00
4586.83,-31.06,-0.37,647.24,-1.00
4591.90,-31.06,-1.43,647.24,-1.00
4608.42,-31.07,-1.89,647.24,-1.00
4613.49,-31.09,-0.71,647.24,-1.00
4618.57,-31.10,-2.48,647.24,-1.00
4635.08,-31.11,-2.74,647.24,-1.00
4640.16,-31.12,-0.77,647.24,-1.00
4645.23,-31.14,-2.26,647.24,-1.00
4661.75,-31.15,-2.19,647.24,-1.00
4666.83,-31.15,-0.41,647.24,-1.00
4671.90,-31.16,-0.84,647.24,-1.00
4688.42,-31.16,-0.84,647.24,-1.00
4693.49,-31.16,-0.24,647.24,-1.00
4698.57,-31.16,-0.24,647.24,-1.00
4715.07,-31.16,-0.24,647.24,-1.00
4720.15,-31.16,-0.24,647.24,-1.00
4725.22,-31.16,-0.24,647.24,-1.00
4741.74,-31.16,-0.24,647.24,-1.00
4746.82,-31.16,-0.24,647.24,-1.00
4751.90,-31.16,-0.24,647.24,-1.00
4768.42,-31.42,-4.07,647.24,-1.00
4773.50,-31.39,1.41,647.24,-1.00
4778.59,-31.40,-2.59,647.24,-1.00
4795.09,-31.43,-1.52,647.24,-1.00
4800.16,-31.46,-8.37,647.24,-1.00
4805.24,-31.49,-7.74,647.24,-1.00
4821.74,-31.52,-6.93,647.24,-1.00
4826.82,-31.54,-1.38,647.24,-1.00
4831.89,-31.53,2.70,647.24,-1.00
4848.42,-31.51,4.61,647.24,-1.00
4853.49,-31.50,1.08,647.24,-1.00
4858.57,-31.48,2.89,647.24,-1.00
4875.08,-31.48,0.08,647.24,-1.00
4880.16,-31.51,-4.86,647.24,-1.00
4885.24,-31.54,-6.46,647.24,-1.00
4901.75,-31.57,-7.13,647.24,-1.00
4906.83,-31.59,-1.55,647.24,-1.00
4911.90,-31.62,-5.01,647.24,-1.00
4928.40,-31.63,-2.44,647.24,-1.00
4933.48,-31.62,1.96,647.24,-1.00
4938.56,-31.61,3.54,647.24,-1.00
4955.08,-31.59,3.49,647.24,-1.00
4960.15,-31.58,0.68,647.24,-1.00
4965.23,-31.58,0.56,647.24,-1.00
4981.74,-31.59,-1.94,647.24,-1.00
4986.81,-31.63,-6.04,647.24,-1.00
4991.89,-31.66,-6.59,647.24,-1.00
5008.42,-31.68,-1.47,647.24,-1.00
5013.49,-31.70,-4.13,647.24,-1.00
5018.57,-31.72,-2.35,647.24,-1.00
5035.08,-31.72,-2.35,647.24,-1.00
5040.16,-31.72,-0.02,647.24,-1.00
5045.24,-31.70,2.45,647.24,-1.00
5061.75,-31.70,2.45,647.24,-1.00
5066.83,-31.69,0.60,647.24,-1.00
5071.90,-31.68,1.16,647.24,-1.00
5088.42,-31.68,-0.25,647.24,-1.00
5093.49,-31.69,-0.55,647.24,-1.00
5098.57,-31.71,-3.31,647.24,-1.00
5115.08,-31.73,-3.72,647.24,-1.00
5120.16,-31.75,-1.09,647.24,-1.00
5125.23,-31.77,-1.87,647.24,-1.00
5141.75,-31.77,-1.87,647.24,-1.00
5146.83,-31.77,-0.11,647.24,-1.00
5151.90,-31.76,1.26,647.24,-1.00
5168.42,-31.76,1.26,647.24,-1.00
5173.49,-31.76,0.35,647.24,-1.00
5178.57,-31.76,0.34,647.24,-1.00
5195.08,-31.76,-0.52,647.24,-1.00
5200.16,-31.77,-0.58,647.24,-1.00
5205.24,-31.78,-3.02,647.24,-1.00
5221.75,-31.80,-3.65,647.24,-1.00
5226.83,-31.82,-1.07,647.24,-1.00
5231.90,-31.82,-1.07,647.24,-1.00
5248.40,-31.82,-1.07,647.24,-1.00
5253.48,-31.82,-1.07,647.24,-1.00
5258.55,-31.82,-1.07,647.24,-1.00
5274.75,-31.82,-1.07,647.24,-1.00
5279.82,-31.82,-1.07,647.24,-1.00
5284.90,-32.46,-10.59,647.24,-1.00
5301.75,-32.47,-1.60,647.24,-1.00
5306.83,-32.47,-0.43,647.24,-1.00
5311.90,-32.48,-0.58,647.24,-1.00
5328.41,-32.47,1.71,647.24,-1.00
5333.49,-32.45,1.13,647.24,-1.00
5338.56,-32.42,8.03,647.24,-1.00
5355.07,-32.37,10.51,647.24,-1.00
5360.15,-32.29,9.56,647.24,-1.00
5365.23,-32.26,6.93,647.24,-1.00
5381.75,-32.24,0.77,647.24,-1.00
5386.83,-32.25,-0.18,647.24,-1.00
5391.90,-32.26,-3.40,647.24,-1.00
5408.42,-32.28,-5.69,647.24,-1.00
5413.49,-32.31,-1.75,647.24,-1.00
5418.57,-32.35,-7.47,647.24,-1.00
5435.07,-32.38,-7.33,647.24,-1.00
5440.15,-32.43,-5.51,647.24,-1.00
5445.22,-32.44,-3.48,647.24,-1.00
5461.74,-32.45,-1.35,647.24,-1.00
5466.81,-32.44,0.17,647.24,-1.00
5471.89,-32.43,2.49,647.24,-1.00
5488.40,-32.42,3.27,647.24,-1.00
5493.48,-32.39,2.67,647.24,-1.00
5498.56,-32.39,1.93,647.24,-1.00
5515.08,-32.38,0.10,647.24,-1.00
5520.16,-32.38,0.10,647.24,-1.00
5525.23,-32.38,0.10,647.24,-1.00
5541.74,-32.38,0.10,647.24,-1.00
5546.81,-32.38,0.10,647.24,-1.00
5551.89,-32.38,0.10,647.24,-1.00
5567.82,-32.38,0.10,647.24,-1.00
5572.90,-32.38,0.10,647.24,-1.00
5577.98,-32.41,-0.34,647.24,-1.00
5595.09,-32.41,-0.34,647.24,-1.00
5600.16,-32.48,-10.11,647.24,-1.00
5605.24,-32.53,-13.81,647.24,-1.00
5621.75,-32.53,-13.81,647.24,-1.00
5626.83,-32.69,-19.15,647.24,-1.00
5631.90,-32.76,-18.14,647.24,-1.00
5648.42,-32.82,-14.97,647.24,-1.00
5653.49,-32.87,-2.59,647.24,-1.00
5658.57,-32.90,-6.94,647.24,-1.00
5675.08,-32.91,-2.82,647.24,-1.00
5680.16,-32.91,0.15,647.24,-1.00
5685.23,-32.89,3.85,647.24,-1.00
5701.74,-32.86,6.03,647.24,-1.00
5706.81,-32.81,6.29,647.24,-1.00
5711.89,-32.79,4.56,647.24,-1.00
5728.42,-32.78,0.50,647.24,-1.00
5733.49,-32.78,-0.94,647.24,-1.00
5738.57,-32.80,-4.14,647.24,-1.00
5755.07,-32.82,-5.61,647.24,-1.00
5760.15,-32.90,-10.03,647.24,-1.00
5765.22,-32.94,-10.13,647.24,-1.00
5781.75,-32.98,-8.94,647.24,-1.00
5786.83,-33.00,-1.28,647.24,-1.00
5791.91,-33.01,-2.52,647.24,-1.00
5808.41,-33.00,0.93,647.24,-1.00
5813.49,-32.99,0.64,647.24,-1.00
5818.56,-32.98,3.34,647.24,-1.00
5835.08,-32.96,3.09,647.24,-1.00
5840.16,-32.95,0.72,647.24,-1.00
5845.23,-32.94,2.59,647.24,-1.00
5861.75,-32.93,2.41,647.24,-1.00
5866.83,-32.92,0.44,647.24,-1.00
5871.90,-32.92,0.09,647.24,-1.00
5888.41,-32.93,-1.93,647.24,-1.00
5893.49,-32.94,-0.82,647.24,-1.00
5898.56,-32.95,-1.48,647.24,-1.00
5915.08,-32.95,0.13,647.24,-1.00
5920.17,-32.94,0.96,647.24,-1.00
5925.24,-32.94,0.15,647.24,-1.00
5941.75,-32.94,0.15,647.24,-1.00
5946.82,-32.93,2.34,647.24,-1.00
5951.90,-32.92,2.52,647.24,-1.00
5968.41,-32.92,2.52,647.24,-1.00
5973.49,-32.90,1.07,647.24,-1.00
5978.56,-32.82,8.46,647.24,-1.00
5995.09,-32.82,8.46,647.24,-1.00
6000.16,-32.78,2.78,647.24,-1.00
6005.24,-32.72,11.96,647.24,-1.00
6021.75,-32.65,13.69,647.24,-1.00
6026.83,-32.58,4.13,647.24,-1.00
6031.90,-32.58,4.13,647.24,-1.00
6048.40,-32.58,4.13,647.24,-1.00
6053.48,-32.58,4.13,647.24,-1.00
6058.55,-32.58,4.13,647.24,-1.00
6074.79,-32.58,4.13,647.24,-1.00
6079.86,-32.58,4.13,647.24,-1.00
6084.94,-32.99,-6.66,647.24,-1.00
6101.75,-32.99,-6.66,647.24,-1.00
6106.83,-32.97,-0.90,647.24,-1.00
6111.91,-33.00,-7.15,647.24,-1.00
6128.40,-33.00,-7.15,647.24,-1.00
6133.48,-33.11,-14.37,647.24,-1.00
6138.56,-33.17,-13.60,647.24,-1.00
6155.07,-33.21,-10.10,647.24,-1.00
6160.15,-33.22,0.81,647.24,-1.00
6165.22,-33.20,5.50,647.24,-1.00
6181.75,-33.17,2.04,647.24,-1.00
6186.83,-33.13,9.08,647.24,-1.00
6191.90,-33.10,7.34,647.24,-1.00
6208.42,-33.07,5.04,647.24,-1.00
6213.49,-33.07,0.30,647.24,-1.00
6218.57,-33.08,-2.05,647.24,-1.00
6235.07,-33.10,-5.76,647.24,-1.00
6240.15,-33.16,-7.78,647.24,-1.00
6245.22,-33.19,-6.05,647.24,-1.00
6261.74,-33.20,-3.24,647.24,-1.00
6266.81,-33.20,-0.19,647.24,-1.00
6271.89,-33.20,2.05,647.24,-1.00
6288.41,-33.18,3.22,647.24,-1.00
6293.48,-33.15,3.87,647.24,-1.00
6298.56,-33.14,1.78,647.24,-1.00
6315.08,-33.14,0.17,647.24,-1.00
6320.16,-33.14,0.17,647.24,-1.00
6325.24,-33.14,0.17,647.24,-1.00
6341.74,-33.14,0.17,647.24,-1.00
6346.81,-33.14,0.17,647.24,-1.00
6351.89,-33.14,0.17,647.24,-1.00
6367.83,-33.14,0.17,647.24,-1.00
6372.91,-33.14,0.17,647.24,-1.00
6377.98,-33.14,0.17,647.24,-1.00
6395.08,-32.55,9.04,647.24,-1.00
6400.16,-32.49,3.10,647.24,-1.00
6405.23,-32.46,8.32,647.24,-1.00
6421.74,-32.45,1.93,647.24,-1.00
6426.81,-32.51,-10.27,647.24,-1.00
6431.89,-32.56,-13.41,647.24,-1.00
6448.42,-32.62,-13.37,647.24,-1.00
6453.49,-32.67,-2.76,647.24,-1.00
6458.57,-32.70,-8.77,647.24,-1.00
6475.08,-32.72,-5.40,647.24,-1.00
6480.16,-32.72,2.15,647.24,-1.00
6485.24,-32.70,4.01,647.24,-1.00
6501.75,-32.68,1.13,647.24,-1.00
6506.83,-32.67,4.39,647.24,-1.00
6511.90,-32.65,2.83,647.24,-1.00
6528.42,-32.65,1.22,647.24,-1.00
6533.49,-32.65,-0.10,647.24,-1.00
6538.57,-32.66,-1.90,647.24,-1.00
6555.08,-32.67,-2.43,647.24,-1.00
6560.16,-32.68,-1.53,647.24,-1.00
6565.23,-32.69,-1.13,647.24,-1.00
6581.75,-32.69,-0.94,647.24,-1.00
6586.83,-32.70,-0.31,647.24,-1.00
6591.90,-32.70,-1.79,647.24,-1.00
6608.40,-32.72,-3.31,647.24,-1.00
6613.48,-32.75,-3.44,647.24,-1.00
6618.56,-32.76,-2.65,647.24,-1.00
6635.08,-32.76,-0.24,647.24,-1.00
6640.16,-32.76,0.35,647.24,-1.00
6645.24,-32.76,1.08,647.24,-1.00
6661.75,-32.75,0.15,647.24,-1.00
6666.83,-32.76,-0.24,647.24,-1.00
6671.90,-32.76,-1.63,647.24,-1.00
6688.42,-32.76,-1.63,647.24,-1.00
6693.49,-32.77,-0.59,647.24,-1.00
6698.57,-32.79,-2.62,647.24,-1.00
6715.08,-32.80,-1.90,647.24,-1.00
6720.16,-32.80,-0.10,647.24,-1.00
6725.24,-32.79,0.91,647.24,-1.00
6741.75,-32.79,0.91,647.24,-1.00
6746.83,-32.79,0.06,647.24,-1.00
6751.90,-32.81,-3.50,647.24,-1.00
6768.42,-32.81,-3.50,647.24,-1.00
6773.49,-32.83,-1.24,647.24,-1.00
6778.57,-32.86,-5.22,647.24,-1.00
6795.08,-32.88,-4.85,647.24,-1.00
6800.16,-32.90,-1.01,647.24,-1.00
6805.23,-32.91,-1.40,647.24,-1.00
6821.75,-32.91,-0.11,647.24,-1.00
6826.83,-32.90,0.39,647.24,-1.00
6831.90,-32.90,0.39,647.24,-1.00
6848.40,-32.90,0.39,647.24,-1.00
6853.48,-32.90,0.39,647.24,-1.00
6858.55,-32.90,0.39,647.24,-1.00
6874.67,-32.90,0.39,647.24,-1.00
6879.75,-32.90,0.39,647.24,-1.00
6884.83,-32.90,0.39,647.24,-1.00
6901.75,-33.02,-1.91,647.24,-1.00
6906.83,-32.93,4.41,647.24,-1.00
6911.91,-32.99,-12.11,647.24,-1.00
6928.41,-32.99,-12.11,647.24,-1.00
6933.49,-33.29,-41.43,647.24,-1.00
6938.56,-33.48,-46.82,647.24,-1.00
6955.07,-33.66,-44.43,647.24,-1.00
6960.15,-33.87,-18.11,647.24,-1.00
6965.22,-33.86,2.43,647.24,-1.00
6981.75,-33.79,3.80,647.24,-1.00
6986.83,-33.67,28.23,647.24,-1.00
6991.90,-33.53,31.26,647.24,-1.00
7008.42,-33.40,32.01,647.24,-1.00
7013.49,-33.29,5.85,647.24,-1.00
7018.57,-33.23,14.99,647.24,-1.00
7035.07,-33.22,2.73,647.24,-1.00
7040.15,-33.34,-20.25,647.24,-1.00
7045.22,-33.45,-27.07,647.24,-1.00
7061.74,-33.56,-27.65,647.24,-1.00
7066.81,-33.66,-5.53,647.24,-1.00
7071.89,-33.72,-13.78,647.24,-1.00
7088.41,-33.73,-4.49,647.24,-1.00
7093.48,-33.65,14.17,647.24,-1.00
7098.56,-33.57,18.39,647.24,-1.00
7115.08,-33.49,4.68,647.24,-1.00
7120.16,-33.42,14.78,647.24,-1.00
7125.24,-33.38,9.77,647.24,-1.00
7141.75,-33.37,2.87,647.24,-1.00
7146.82,-33.39,-1.20,647.24,-1.00
7151.90,-33.44,-9.83,647.24,-1.00
7168.42,-33.50,-14.11,647.24,-1.00
7173.49,-33.57,-3.81,647.24,-1.00
7178.57,-33.62,-11.46,647.24,-1.00
7195.08,-33.66,-2.03,647.24,-1.00
7200.16,-33.67,-2.26,647.24,-1.00
7205.23,-33.65,3.79,647.24,-1.00
7221.75,-33.65,3.79,647.24,-1.00
7226.83,-33.61,2.21,647.24,-1.00
7231.91,-33.51,11.14,647.24,-1.00
7248.42,-33.51,11.14,647.24,-1.00
7253.49,-33.47,2.44,647.24,-1.00
7258.57,-33.45,4.96,647.24,-1.00
7275.08,-33.45,0.52,647.24,-1.00
7280.16,-33.46,-1.06,647.24,-1.00
7285.23,-33.50,-7.60,647.24,-1.00
7301.75,-33.55,-9.36,647.24,-1.00
7306.83,-33.59,-2.54,647.24,-1.00
7311.90,-33.62,-6.25,647.24,-1.00
7328.42,-33.63,-2.60,647.24,-1.00
7333.49,-33.63,0.20,647.24,-1.00
7338.57,-33.63,0.20,647.24,-1.00
7355.07,-33.63,0.20,647.24,-1.00
7360.15,-33.63,0.20,647.24,-1.00
7365.22,-33.63,0.20,647.24,-1.00
7381.44,-33.63,0.20,647.24,-1.00
7386.51,-33.63,0.20,647.24,-1.00
7391.59,-33.60,0.54,647.24,-1.00
7408.42,-33.60,0.54,647.24,-1.00
7413.50,-33.60,0.06,647.24,-1.00
7418.57,-33.60,0.88,647.24,-1.00
7435.08,-33.60,0.88,647.24,-1.00
7440.15,-33.59,1.08,647.24,-1.00
7445.23,-33.58,1.09,647.24,-1.00
7461.74,-33.58,0.38,647.24,-1.00
7466.81,-33.59,-1.08,647.24,-1.00
7471.89,-33.59,-1.63,647.24,-1.00
7488.42,-33.60,-0.35,647.24,-1.00
7493.50,-33.60,-1.06,647.24,-1.00
7498.57,-33.61,-0.57,647.24,-1.00
7515.08,-33.61,0.06,647.24,-1.00
7520.16,-33.60,0.14,647.24,-1.00
7525.23,-33.60,0.92,647.24,-1.00
7541.74,-33.59,1.35,647.24,-1.00
7546.81,-33.59,0.54,647.24,-1.00
7551.89,-33.59,0.53,647.24,-1.00
7568.41,-33.59,-0.51,647.24,-1.00
7573.49,-33.59,-0.13,647.24,-1.00
7578.56,-33.59,-1.12,647.24,-1.00
7595.07,-33.60,-0.98,647.24,-1.00
7600.15,-33.61,-0.90,647.24,-1.00
7605.22,-33.61,-0.47,647.24,-1.00
7621.75,-33.61,-0.00,647.24,-1.00
7626.83,-33.61,0.37,647.24,-1.00
7631.90,-33.60,0.45,647.24,-1.00
7648.42,-33.60,0.48,647.24,-1.00
7653.49,-33.60,0.04,647.24,-1.00
7658.57,-33.60,-0.07,647.24,-1.00
7675.09,-33.60,-0.07,647.24,-1.00
7680.16,-33.60,-0.07,647.24,-1.00
7685.24,-33.61,-0.41,647.24,-1.00
7701.75,-33.61,-0.11,647.24,-1.00
7706.83,-33.61,-0.18,647.24,-1.00
7711.90,-33.61,-0.32,647.24,-1.00
7728.42,-33.61,-0.32,647.24,-1.00
7733.49,-33.61,0.42,647.24,-1.00
7738.57,-33.61,0.21,647.24,-1.00
7755.08,-33.61,0.21,647.24,-1.00
7760.16,-33.61,0.08,647.24,-1.00
7765.23,-33.60,0.23,647.24,-1.00
7781.75,-33.60,0.01,647.24,-1.00
7786.83,-33.60,-0.04,647.24,-1.00
7791.91,-33.61,-0.58,647.24,-1.00
7808.42,-33.61,-0.63,647.24,-1.00
7813.49,-33.61,-0.25,647.24,-1.00
7818.57,-33.62,-0.54,647.24,-1.00
7835.09,-33.62,-0.47,647.24,-1.00
7840.16,-33.62,-0.07,647.24,-1.00
7845.24,-33.62,-0.07,647.24,-1.00
7861.74,-33.62,-0.07,647.24,-1.00
7866.81,-33.62,-0.07,647.24,-1.00
7871.89,-33.62,-0.07,647.24,-1.00
7888.06,-33.62,-0.07,647.24,-1.00
7893.13,-33.62,-0.07,647.24,-1.00
7898.21,-33.63,-0.16,647.24,-1.00
7915.09,-33.63,-0.05,647.24,-1.00
7920.17,-33.63,-0.06,647.24,-1.00
7925.24,-33.63,0.13,647.24,-1.00
7941.75,-33.63,0.08,647.24,-1.00
7946.83,-33.63,-0.06,647.24,-1.00
7951.90,-33.63,-0.20,647.24,-1.00
7968.42,-33.63,-0.23,647.24,-1.00
7973.49,-33.63,-0.20,647.24,-1.00
7978.57,-33.64,-0.28,647.24,-1.00
7995.08,-33.64,-0.01,647.24,-1.00
8000.16,-33.64,-0.12,647.24,-1.00
8005.23,-33.64,-0.45,647.24,-1.00
8021.75,-33.64,0.24,647.24,-1.00
8026.83,-33.64,-0.00,647.24,-1.00
8031.90,-33.64,0.18,647.24,-1.00
8048.42,-33.64,0.09,647.24,-1.00
8053.49,-33.64,-0.00,647.24,-1.00
8058.57,-33.64,0.04,647.24,-1.00
8075.08,-33.64,-0.13,647.24,-1.00
8080.16,-33.64,-0.05,647.24,-1.00
8085.24,-33.64,-0.43,647.24,-1.00
8101.74,-33.64,-0.39,647.24,-1.00
8106.81,-33.64,-0.07,647.24,-1.00
8111.89,-33.64,0.24,647.24,-1.00
8128.42,-33.64,0.06,647.24,-1.00
8133.50,-33.64,0.06,647.24,-1.00
8138.57,-33.64,0.06,647.24,-1.00
8155.07,-33.64,0.06,647.24,-1.00
8160.15,-33.64,0.06,647.24,-1.00
8165.22,-33.64,0.06,647.24,-1.00
8180.83,-33.64,0.06,647.24,-1.00
8185.90,-33.64,0.06,647.24,-1.00
8190.98,-33.64,0.06,647.24,-1.00
8208.40,-33.65,-0.08,647.24,-1.00
8213.48,-33.65,0.10,647.24,-1.00
8218.55,-33.65,-0.17,647.24,-1.00
8235.08,-33.65,-0.17,647.24,-1.00
8240.16,-33.65,0.12,647.24,-1.00
8245.24,-33.65,0.09,647.24,-1.00
8261.75,-33.65,0.15,647.24,-1.00
8266.82,-33.65,-0.01,647.24,-1.00
8271.90,-33.65,0.00,647.24,-1.00
8288.41,-33.65,-0.06,647.24,-1.00
8293.48,-33.65,-0.11,647.24,-1.00
8298.56,-33.65,-0.30,647.24,-1.00
8315.08,-33.65,-0.09,647.24,-1.00
8320.16,-33.65,-0.13,647.24,-1.00
8325.23,-33.65,0.13,647.24,-1.00
8341.75,-33.65,-0.02,647.24,-1.00
8346.83,-33.65,-0.01,647.24,-1.00
8351.90,-33.65,0.14,647.24,-1.00
8368.42,-33.65,0.05,647.24,-1.00
8373.49,-33.65,-0.02,647.24,-1.00
8378.57,-33.65,-0.36,647.24,-1.00
8395.08,-33.65,-0.02,647.24,-1.00
8400.16,-33.65,-0.28,647.24,-1.00
8405.24,-33.65,0.01,647.24,-1.00
8421.75,-33.65,0.18,647.24,-1.00
8426.83,-33.65,-0.01,647.24,-1.00
8431.90,-33.65,0.11,647.24,-1.00
8448.42,-33.65,0.03,647.24,-1.00
8453.50,-33.65,-0.01,647.24,-1.00
8458.57,-33.65,0.10,647.24,-1.00
8475.08,-33.65,0.08,647.24,-1.00
8480.15,-33.65,-0.03,647.24,-1.00
8485.24,-33.65,-0.14,647.24,-1.00
8501.75,-33.65,-0.14,647.24,-1.00
8506.83,-33.65,-0.07,647.24,-1.00
8511.91,-33.65,0.17,647.24,-1.00
8528.42,-33.65,-0.13,647.24,-1.00
8533.49,-33.65,-0.03,647.24,-1.00
8538.57,-33.65,-0.12,647.24,-1.00
8555.09,-33.65,-0.12,647.24,-1.00
8560.16,-33.65,-0.02,647.24,-1.00
8565.24,-33.65,-0.04,647.24,-1.00
8581.75,-33.65,-0.04,647.24,-1.00
8586.83,-33.65,-0.05,647.24,-1.00
8591.91,-33.65,-0.15,647.24,-1.00
8608.42,-33.65,0.01,647.24,-1.00
8613.49,-33.65,-0.06,647.24,-1.00
8618.57,-33.66,-0.24,647.24,-1.00
8635.08,-33.66,0.21,647.24,-1.00
8640.16,-33.66,-0.02,647.24,-1.00
8645.24,-33.66,-0.02,647.24,-1.00
8661.74,-33.66,-0.02,647.24,-1.00
8666.81,-33.66,-0.02,647.24,-1.00
8671.89,-33.66,-0.02,647.24,-1.00
8688.12,-33.66,-0.02,647.24,-1.00
8693.19,-33.66,-0.02,647.24,-1.00
8698.27,-33.25,6.48,647.24,-1.00
8715.08,-33.25,6.48,647.24,-1.00
8720.16,-33.26,-0.60,647.24,-1.00
8725.24,-33.26,-0.66,647.24,-1.00
8741.74,-33.26,-0.66,647.24,-1.00
8746.81,-33.26,-0.19,647.24,-1.00
8751.89,-33.26,-0.57,647.24,-1.00
8768.41,-33.26,-0.22,647.24,-1.00
8773.49,-33.27,-0.10,647.24,-1.00
8778.57,-33.27,-0.23,647.24,-1.00
8795.07,-33.27,-0.44,647.24,-1.00
8800.15,-33.27,-0.32,647.24,-1.00
8805.22,-33.28,-0.42,647.24,-1.00
8821.75,-33.28,-0.11,647.24,-1.00
8826.83,-33.28,-0.13,647.24,-1.00
8831.90,-33.28,-0.28,647.24,-1.00
8848.41,-33.28,-0.19,647.24,-1.00
8853.48,-33.28,-0.39,647.24,-1.00
8858.56,-33.28,-0.11,647.24,-1.00
8875.08,-33.28,-0.36,647.24,-1.00
8880.15,-33.28,-0.05,647.24,-1.00
8885.23,-33.29,-0.39,647.24,-1.00
8901.75,-33.29,-0.79,647.24,-1.00
8906.83,-33.29,-0.37,647.24,-1.00
8911.90,-33.29,-0.39,647.24,-1.00
8928.42,-33.30,-0.43,647.24,-1.00
8933.49,-33.30,-0.09,647.24,-1.00
8938.57,-33.30,-0.05,647.24,-1.00
8955.08,-33.30,-0.62,647.24,-1.00
8960.16,-33.30,-0.13,647.24,-1.00
8965.25,-33.30,-0.29,647.24,-1.00
8981.75,-33.30,-0.29,647.24,-1.00
8986.83,-33.31,-0.09,647.24,-1.00
8991.90,-33.31,-0.41,647.24,-1.00
9008.42,-33.31,-0.21,647.24,-1.00
9013.50,-33.31,-0.06,647.24,-1.00
9018.57,-33.31,-0.51,647.24,-1.00
9035.08,-33.31,-0.04,647.24,-1.00
9040.16,-33.32,-0.11,647.24,-1.00
9045.24,-33.32,-0.22,647.24,-1.00
9061.75,-33.32,-0.22,647.24,-1.00
9066.83,-33.32,-0.13,647.24,-1.00
9071.90,-33.32,-0.24,647.24,-1.00
9088.42,-33.32,-0.32,647.24,-1.00
9093.50,-33.33,-0.12,647.24,-1.00
9098.57,-33.33,-0.33,647.24,-1.00
9115.08,-33.33,-0.55,647.24,-1.00
9120.16,-33.33,-0.12,647.24,-1.00
9125.24,-33.33,-0.26,647.24,-1.00
9141.75,-33.34,-0.63,647.24,-1.00
9146.83,-33.34,-0.03,647.24,-1.00
9151.90,-33.34,-0.03,647.24,-1.00
9168.40,-33.34,-0.03,647.24,-1.00
9173.48,-33.34,-0.03,647.24,-1.00
9178.55,-33.34,-0.03,647.24,-1.00
9195.07,-33.34,-0.03,647.24,-1.00
9200.15,-33.34,-0.03,647.24,-1.00
9205.22,-33.34,-0.03,647.24,-1.00
9221.75,-33.39,-0.81,647.24,-1.00
9226.82,-33.39,-0.10,647.24,-1.00
9231.90,-33.39,-0.34,647.24,-1.00
9248.40,-33.39,-0.23,647.24,-1.00
9253.48,-33.40,-0.57,647.24,-1.00
9258.55,-33.40,-0.22,647.24,-1.00
9275.08,-33.40,-0.25,647.24,-1.00
9280.16,-33.40,-0.10,647.24,-1.00
9285.23,-33.40,-0.29,647.24,-1.00
9301.74,-33.40,-0.61,647.24,-1.00
9306.82,-33.41,-0.25,647.24,-1.00
9311.90,-33.41,-0.13,647.24,-1.00
9328.42,-33.41,-0.02,647.24,-1.00
9333.49,-33.41,-0.31,647.24,-1.00
9338.57,-33.41,-0.32,647.24,-1.00
9355.07,-33.41,-0.49,647.24,-1.00
9360.15,-33.42,-0.29,647.24,-1.00
9365.22,-33.42,-0.61,647.24,-1.00
9381.75,-33.42,-0.22,647.24,-1.00
9386.83,-33.42,-0.18,647.24,-1.00
9391.90,-33.42,0.05,647.24,-1.00
9408.40,-33.42,-0.52,647.24,-1.00
9413.48,-33.43,0.02,647.24,-1.00
9418.56,-33.43,-0.51,647.24,-1.00
9435.08,-33.43,-0.11,647.24,-1.00
9440.17,-33.43,-0.29,647.24,-1.00
9445.24,-33.43,0.03,647.24,-1.00
9461.74,-33.43,-0.17,647.24,-1.00
9466.81,-33.43,-0.16,647.24,-1.00
9471.89,-33.43,-0.16,647.24,-1.00
9488.40,-33.43,-0.16,647.24,-1.00
9493.48,-33.43,-0.16,647.24,-1.00
9498.55,-33.43,-0.16,647.24,-1.00
9514.72,-33.43,-0.16,647.24,-1.00
9519.80,-33.43,-0.16,647.24,-1.00
9524.87,-33.46,-0.39,647.24,-1.00
9541.75,-33.46,-0.39,647.24,-1.00
9546.83,-33.46,-0.56,647.24,-1.00
9551.91,-33.46,-0.01,647.24,-1.00
9568.41,-33.46,-0.55,647.24,-1.00
9573.49,-33.47,-0.09,647.24,-1.00
9578.56,-33.47,-0.37,647.24,-1.00
9595.07,-33.47,0.01,647.24,-1.00
9600.15,-33.47,-0.31,647.24,-1.00
9605.22,-33.47,-0.27,647.24,-1.00
9621.75,-33.47,-0.05,647.24,-1.00
9626.83,-33.47,-0.24,647.24,-1.00
9631.91,-33.47,-0.19,647.24,-1.00
9648.41,-33.47,-0.50,647.24,-1.00
9653.49,-33.48,-0.10,647.24,-1.00
9658.56,-33.48,-0.26,647.24,-1.00
9675.08,-33.48,-0.42,647.24,-1.00
9680.16,-33.48,-0.41,647.24,-1.00
9685.24,-33.48,-0.03,647.24,-1.00
9701.75,-33.48,-0.01,647.24,-1.00
9706.83,-33.48,-0.12,647.24,-1.00
9711.90,-33.48,-0.26,647.24,-1.00
9728.42,-33.48,-0.24,647.24,-1.00
9733.49,-33.48,-0.00,647.24,-1.00
9738.57,-33.49,-0.45,647.24,-1.00
9755.08,-33.49,-0.18,647.24,-1.00
9760.16,-33.49,-0.10,647.24,-1.00
9765.24,-33.49,-0.12,647.24,-1.00
9781.75,-33.49,-0.12,647.24,-1.00
9786.82,-33.49,-0.09,647.24,-1.00
9791.90,-33.49,-0.09,647.24,-1.00
9808.42,-33.49,-0.09,647.24,-1.00
9813.49,-33.49,-0.06,647.24,-1.00
9818.57,-33.49,0.18,647.24,-1.00
9835.08,-33.49,-0.21,647.24,-1.00
9840.16,-33.49,0.02,647.24,-1.00
9845.24,-33.50,-0.31,647.24,-1.00
9861.75,-33.50,-0.31,647.24,-1.00
9866.83,-33.50,-0.01,647.24,-1.00
9871.91,-33.50,-0.15,647.24,-1.00
9888.42,-33.50,-0.15,647.24,-1.00
9893.49,-33.50,-0.10,647.24,-1.00
9898.58,-33.50,-0.33,647.24,-1.00
9915.08,-33.50,-0.33,647.24,-1.00
9920.16,-33.50,-0.05,647.24,-1.00
9925.24,-33.51,-0.17,647.24,-1.00
9941.75,-33.51,-0.17,647.24,-1.00
9946.83,-33.51,0.01,647.24,-1.00
9951.90,-33.51,-0.32,647.24,-1.00
9968.42,-33.51,-0.32,647.24,-1.00
9973.49,-33.51,0.00,647.24,-1.00
9978.57,-33.51,0.00,647.24,-1.00
9995.07,-33.51,0.00,647.24,-1.00
10000.15,-33.51,0.00,647.24,-1.00
10005.22,-33.51,0.00,647.24,-1.00
10021.74,-33.51,0.00,647.24,-1.00
10026.81,-33.51,0.00,647.24,-1.00
10031.89,-33.54,-0.47,647.24,-1.00
10048.42,-33.54,-0.23,647.24,-1.00
10053.50,-33.54,-0.10,647.24,-1.00
10058.57,-33.54,-0.33,647.24,-1.00
10075.07,-33.54,-0.48,647.24,-1.00
10080.15,-33.55,-0.39,647.24,-1.00
10085.22,-33.55,-0.09,647.24,-1.00
10101.75,-33.55,-0.04,647.24,-1.00
10106.83,-33.55,-0.19,647.24,-1.00
10111.90,-33.55,-0.14,647.24,-1.00
10128.42,-33.55,-0.10,647.24,-1.00
10133.49,-33.55,-0.03,647.24,-1.00
10138.57,-33.55,-0.08,647.24,-1.00
10155.08,-33.55,-0.11,647.24,-1.00
10160.16,-33.55,-0.63,647.24,-1.00
10165.23,-33.55,-0.04,647.24,-1.00
10181.75,-33.55,-0.22,647.24,-1.00
10186.82,-33.55,-0.02,647.24,-1.00
10191.90,-33.55,0.04,647.24,-1.00
10208.41,-33.55,0.00,647.24,-1.00
10213.48,-33.56,-0.33,647.24,-1.00
10218.56,-33.56,-0.09,647.24,-1.00
10235.08,-33.56,-0.04,647.24,-1.00
10240.16,-33.56,-0.10,647.24,-1.00
10245.24,-33.56,-0.13,647.24,-1.00
10261.74,-33.56,-0.20,647.24,-1.00
10266.81,-33.56,-0.03,647.24,-1.00
10271.89,-33.56,-0.35,647.24,-1.00
10288.42,-33.56,0.02,647.24,-1.00
10293.50,-33.56,0.02,647.24,-1.00
10298.57,-33.56,0.02,647.24,-1.00
10315.07,-33.56,0.02,647.24,-1.00
10320.14,-33.56,0.02,647.24,-1.00
10325.22,-33.56,0.02,647.24,-1.00
10341.17,-33.56,0.02,647.24,-1.00
10346.25,-33.56,0.02,647.24,-1.00
10351.32,-33.58,-0.28,647.24,-1.00
10368.42,-33.58,-0.28,647.24,-1.00
10373.50,-33.58,0.09,647.24,-1.00
10378.58,-33.58,-0.39,647.24,-1.00
10395.08,-33.58,-0.03,647.24,-1.00
10400.16,-33.58,-0.26,647.24,-1.00
10405.23,-33.58,-0.19,647.24,-1.00
10421.75,-33.58,0.01,647.24,-1.00
10426.83,-33.58,-0.01,647.24,-1.00
10431.90,-33.58,-0.08,647.24,-1.00
10448.40,-33.58,-0.25,647.24,-1.00
10453.48,-33.58,-0.09,647.24,-1.00
10458.55,-33.58,0.12,647.24,-1.00
10475.08,-33.58,-0.10,647.24,-1.00
10480.16,-33.58,-0.04,647.24,-1.00
10485.23,-33.58,-0.06,647.24,-1.00
10501.75,-33.58,-0.18,647.24,-1.00
10506.83,-33.58,-0.05,647.24,-1.00
10511.90,-33.59,-0.21,647.24,-1.00
10528.41,-33.59,-0.29,647.24,-1.00
10533.49,-33.59,-0.12,647.24,-1.00
10538.56,-33.59,-0.17,647.24,-1.00
10555.08,-33.59,-0.27,647.24,-1.00
10560.16,-33.59,-0.03,647.24,-1.00
10565.24,-33.59,-0.12,647.24,-1.00
10581.75,-33.59,0.02,647.24,-1.00
10586.82,-33.59,0.02,647.24,-1.00
10591.90,-33.59,0.09,647.24,-1.00
10608.40,-33.59,0.03,647.24,-1.00
10613.48,-33.59,-0.05,647.24,-1.00
10618.55,-33.59,-0.14,647.24,-1.00
10635.08,-33.59,-0.19,647.24,-1.00
10640.16,-33.59,-0.02,647.24,-1.00
10645.24,-33.59,-0.06,647.24,-1.00
10661.75,-33.59,-0.06,647.24,-1.00
10666.83,-33.59,-0.01,647.24,-1.00
10671.90,-33.59,0.01,647.24,-1.00
10688.42,-33.60,-0.48,647.24,-1.00
10693.49,-33.60,0.02,647.24,-1.00
10698.57,-33.60,-0.04,647.24,-1.00
10715.08,-33.60,-0.15,647.24,-1.00
10720.16,-33.60,0.00,647.24,-1.00
10725.24,-33.60,-0.09,647.24,-1.00
10741.75,-33.60,0.00,647.24,-1.00
10746.83,-33.60,-0.09,647.24,-1.00
10751.91,-33.60,-0.18,647.24,-1.00
10768.42,-33.60,-0.18,647.24,-1.00
10773.50,-33.60,0.01,647.24,-1.00
10778.58,-33.60,-0.25,647.24,-1.00
10795.08,-33.60,-0.07,647.24,-1.00
10800.16,-33.60,-0.07,647.24,-1.00
10805.24,-33.60,-0.07,647.24,-1.00
10821.74,-33.60,-0.07,647.24,-1.00
10826.81,-33.60,-0.07,647.24,-1.00
10831.89,-33.60,-0.07,647.24,-1.00
10848.39,-33.60,-0.07,647.24,-1.00
10853.46,-33.60,-0.07,647.24,-1.00
10858.54,-33.63,-0.44,647.24,-1.00
10875.09,-33.63,-0.33,647.24,-1.00
10880.17,-33.63,-0.02,647.24,-1.00
10885.24,-33.63,-0.08,647.24,-1.00
10901.75,-33.63,-0.07,647.24,-1.00
10906.83,-33.63,-0.24,647.24,-1.00
10911.90,-33.63,0.12,647.24,-1.00
10928.42,-33.63,-0.29,647.24,-1.00
10933.49,-33.63,0.01,647.24,-1.00
10938.57,-33.63,-0.31,647.24,-1.00
10955.07,-33.63,-0.18,647.24,-1.00
10960.14,-33.63,-0.09,647.24,-1.00
10965.22,-33.64,-0.25,647.24,-1.00
10981.75,-33.64,-0.12,647.24,-1.00
10986.82,-33.64,-0.07,647.24,-1.00
10991.90,-33.64,0.06,647.24,-1.00
11008.41,-33.64,-0.17,647.24,-1.00
11013.49,-33.64,-0.07,647.24,-1.00
11018.56,-33.64,0.02,647.24,-1.00
11035.07,-33.64,-0.35,647.24,-1.00
11040.15,-33.64,-0.27,647.24,-1.00
11045.22,-33.64,-0.19,647.24,-1.00
11061.75,-33.64,-0.06,647.24,-1.00
11066.82,-33.64,-0.03,647.24,-1.00
11071.90,-33.64,0.01,647.24,-1.00
11088.42,-33.64,0.08,647.24,-1.00
11093.49,-33.65,-0.35,647.24,-1.00
11098.57,-33.65,-0.02,647.24,-1.00
11115.08,-33.65,0.00,647.24,-1.00
11120.16,-33.65,-0.26,647.24,-1.00
11125.24,-33.65,-0.09,647.24,-1.00
11141.75,-33.65,-0.09,647.24,-1.00
11146.83,-33.65,-0.08,647.24,-1.00
11151.90,-33.65,0.03,647.24,-1.00
11168.42,-33.65,0.03,647.24,-1.00
11173.49,-33.65,-0.00,647.24,-1.00
11178.57,-33.65,0.09,647.24,-1.00
11195.08,-33.65,-0.15,647.24,-1.00
11200.16,-33.65,0.08,647.24,-1.00
11205.24,-33.65,-0.11,647.24,-1.00
11221.75,-33.65,0.12,647.24,-1.00
11226.83,-33.65,0.03,647.24,-1.00
11231.90,-33.65,0.01,647.24,-1.00
11248.42,-33.65,0.05,647.24,-1.00
11253.50,-33.65,-0.03,647.24,-1.00
11258.57,-33.65,-0.24,647.24,-1.00
11275.08,-33.65,-0.24,647.24,-1.00
11280.16,-33.65,-0.01,647.24,-1.00
11285.24,-33.65,-0.09,647.24,-1.00
11301.75,-33.65,-0.14,647.24,-1.00
11306.83,-33.65,-0.01,647.24,-1.00
11311.90,-33.65,-0.01,647.24,-1.00
11328.41,-33.65,-0.01,647.24,-1.00
11333.48,-33.65,-0.01,647.24,-1.00
11338.55,-33.65,-0.01,647.24,-1.00
11355.07,-33.65,-0.01,647.24,-1.00
11360.14,-33.65,-0.01,647.24,-1.00
11365.22,-33.65,-0.01,647.24,-1.00
11381.75,-33.66,-0.19,647.24,-1.00
11386.82,-33.66,0.01,647.24,-1.00
11391.90,-33.66,-0.37,647.24,-1.00
11408.40,-33.66,-0.18,647.24,-1.00
11413.48,-33.67,-0.14,647.24,-1.00
11418.56,-33.67,-0.32,647.24,-1.00
11435.08,-33.67,-0.04,647.24,-1.00
11440.16,-33.67,0.06,647.24,-1.00
11445.24,-33.67,-0.15,647.24,-1.00
11461.74,-33.67,-0.10,647.24,-1.00
11466.81,-33.67,0.01,647.24,-1.00
11471.89,-33.67,0.06,647.24,-1.00
11488.41,-33.67,-0.25,647.24,-1.00
11493.49,-33.67,0.05,647.24,-1.00
11498.56,-33.67,-0.18,647.24,-1.00
11515.08,-33.67,0.01,647.24,-1.00
11520.15,-33.67,-0.10,647.24,-1.00
11525.23,-33.67,-0.18,647.24,-1.00
11541.75,-33.67,0.05,647.24,-1.00
11546.83,-33.67,-0.16,647.24,-1.00
11551.90,-33.67,-0.03,647.24,-1.00
11568.42,-33.67,0.00,647.24,-1.00
11573.49,-33.67,0.01,647.24,-1.00
11578.57,-33.67,-0.41,647.24,-1.00
11595.07,-33.67,0.20,647.24,-1.00
11600.15,-33.67,0.18,647.24,-1.00
11605.22,-33.67,-0.05,647.24,-1.00
11621.75,-33.67,-0.02,647.24,-1.00
11626.83,-33.67,-0.02,647.24,-1.00
11631.90,-33.67,-0.11,647.24,-1.00
11648.42,-33.67,-0.11,647.24,-1.00
11653.49,-33.67,0.02,647.24,-1.00
11658.57,-33.67,0.08,647.24,-1.00
11675.08,-33.67,0.08,647.24,-1.00
11680.16,-33.67,-0.04,647.24,-1.00
11685.24,-33.67,0.03,647.24,-1.00
11701.75,-33.67,-0.12,647.24,-1.00
11706.83,-33.67,0.05,647.24,-1.00
11711.90,-33.67,0.10,647.24,-1.00
11728.42,-33.67,-0.09,647.24,-1.00
11733.49,-33.67,-0.00,647.24,-1.00
11738.57,-33.67,-0.08,647.24,-1.00
11755.09,-33.67,-0.19,647.24,-1.00
11760.16,-33.67,0.01,647.24,-1.00
11765.24,-33.67,-0.10,647.24,-1.00
11781.75,-33.67,-0.10,647.24,-1.00
11786.83,-33.68,-0.03,647.24,-1.00
11791.90,-33.68,-0.03,647.24,-1.00
11808.42,-33.68,-0.23,647.24,-1.00
11813.49,-33.68,-0.00,647.24,-1.00
11818.57,-33.68,-0.00,647.24,-1.00
11835.07,-33.68,-0.00,647.24,-1.00
11840.14,-33.68,-0.00,647.24,-1.00
11845.22,-33.68,-0.00,647.24,-1.00
11861.74,-33.68,-0.00,647.24,-1.00
11866.81,-33.68,-0.00,647.24,-1.00
11871.89,-33.68,-0.00,647.24,-1.00
11888.42,-33.44,3.70,647.24,-1.00
11893.50,-32.95,63.10,647.24,-1.00
11898.58,-32.64,75.57,647.24,-1.00
11915.08,-32.31,84.01,647.24,-1.00
11920.16,-31.94,20.95,647.24,-1.00
11925.24,-31.56,93.83,647.24,-1.00
11941.75,-31.16,99.27,647.24,-1.00
11946.83,-30.37,96.94,647.24,-1.00
11951.90,-29.98,95.51,647.24,-1.00
11968.42,-29.60,94.79,647.24,-1.00
11973.49,-29.21,22.06,647.24,-1.00
11978.57,-28.90,73.57,647.24,-1.00
11995.07,-28.64,60.73,647.24,-1.00
12000.15,-28.24,42.07,647.24,-1.00
12005.22,-28.06,41.96,647.24,-1.00
12021.75,-27.88,10.30,647.24,-1.00
12026.83,-27.68,45.82,647.24,-1.00
12031.90,-27.48,48.20,647.24,-1.00
12048.42,-27.25,51.50,647.24,-1.00
12053.50,-27.01,14.12,647.24,-1.00
12058.57,-26.74,67.25,647.24,-1.00
12075.08,-26.45,74.17,647.24,-1.00
12080.16,-25.79,78.13,647.24,-1.00
12085.24,-25.44,81.78,647.24,-1.00
12101.75,-25.08,20.80,647.24,-1.00
12106.83,-24.71,87.26,647.24,-1.00
12111.90,-24.33,87.70,647.24,-1.00
12128.42,-23.95,88.09,647.24,-1.00
12133.49,-23.58,21.44,647.24,-1.00
12138.57,-23.21,75.68,647.24,-1.00
12155.08,-22.85,81.04,647.24,-1.00
12160.16,-22.49,19.86,647.24,-1.00
12165.23,-22.14,79.87,647.24,-1.00
12181.75,-21.77,82.07,647.24,-1.00
12186.83,-21.39,21.47,647.24,-1.00
12191.90,-20.98,83.86,647.24,-1.00
12208.41,-20.98,83.86,647.24,-1.00
12213.49,-20.55,24.30,647.24,-1.00
12218.56,-19.59,101.83,647.24,-1.00
12235.08,-19.59,101.83,647.24,-1.00
12244.38,-18.51,118.70,647.24,-1.00
12261.75,-17.93,129.01,647.24,-1.00
12266.83,-17.34,33.52,647.24,-1.00
12271.91,-16.13,137.07,647.24,-1.00
12288.42,-16.13,137.07,647.24,-1.00
12293.49,-15.51,35.18,647.24,-1.00
12298.57,-14.88,129.44,647.24,-1.00
12315.08,-14.25,134.63,647.24,-1.00
12320.16,-13.62,36.96,647.24,-1.00
12325.24,-13.62,36.96,647.24,-1.00
12341.74,-13.62,36.96,647.24,-1.00
12346.82,-13.62,36.96,647.24,-1.00
12351.89,-13.62,36.96,647.24,-1.00
12368.40,-13.62,36.96,647.24,-1.00
12373.48,-13.62,36.96,647.24,-1.00
12396.11,-5.33,21.08,647.24,0.00
12401.18,-4.99,80.64,647.24,0.00
12422.79,-4.32,18.94,647.24,1.00
12427.86,-4.00,75.62,647.24,1.00
12432.93,-3.68,73.30,647.24,1.00
12448.41,-3.31,86.20,647.24,1.00
12457.70,-2.89,38.61,647.24,-1.00
12479.28,-2.83,-0.82,647.24,1.00
12501.72,-2.97,-22.14,647.24,-1.00
12506.79,-3.29,-41.77,647.24,-1.00
12528.40,-3.76,-57.77,647.24,0.00
12537.69,-4.35,-74.60,647.24,-1.00
12555.06,-4.68,-78.72,647.24,-1.00
12560.14,-5.29,-74.43,647.24,-1.00
12565.22,-5.59,-73.34,647.24,-1.00
12581.75,-5.90,-78.72,647.24,-1.00
12586.82,-6.29,-22.65,647.24,-1.00
12591.90,-6.74,-103.91,647.24,-1.00
12608.41,-7.20,-106.16,647.24,-1.00
12613.48,-7.65,-29.46,647.24,-1.00
12618.56,-8.11,-94.44,647.24,-1.00
12635.08,-8.57,-95.10,647.24,-1.00
12640.16,-9.52,-110.45,647.24,-1.00
12645.24,-10.05,-119.02,647.24,-1.00
12661.75,-10.05,-119.02,647.24,-1.00
12666.83,-10.60,-30.78,647.24,-1.00
12671.90,-11.19,-120.06,647.24,-1.00
12688.42,-11.76,-120.28,647.24,-1.00
12693.49,-12.33,-33.35,647.24,-1.00
12698.57,-12.89,-115.68,647.24,-1.00
12715.08,-13.45,-114.92,647.24,-1.00
12720.16,-14.02,-33.47,647.24,-1.00
12725.24,-14.58,-116.82,647.24,-1.00
12741.75,-15.15,-116.46,647.24,-1.00
12746.83,-15.72,-33.54,647.24,-1.00
12751.91,-16.85,-125.70,647.24,-1.00
12768.42,-16.85,-125.70,647.24,-1.00
12773.49,-17.40,-31.41,647.24,-1.00
12796.11,-18.87,-25.68,647.24,0.00
12801.19,-19.22,-73.83,647.24,0.00
12806.26,-19.50,-55.75,647.24,0.00
12821.75,-19.50,-55.75,647.24,0.00
12826.83,-19.69,-11.43,647.24,0.00
12831.90,-19.69,-11.43,647.24,0.00
12848.40,-19.69,-11.43,647.24,0.00
12853.48,-19.69,-11.43,647.24,0.00
12858.55,-19.69,-11.43,647.24,0.00
12875.07,-19.69,-11.43,647.24,0.00
12880.15,-19.69,-11.43,647.24,0.00
12902.78,-17.79,2.97,647.24,-1.00
12907.86,-17.72,15.41,647.24,-1.00
12912.93,-17.66,15.74,647.24,-1.00
12928.42,-17.61,12.22,647.24,-1.00
12933.49,-17.53,12.48,647.24,-1.00
12938.57,-17.52,0.34,647.24,-1.00
12955.08,-17.45,19.15,647.24,-1.00
12960.16,-17.32,7.58,647.24,-1.00
12965.24,-17.13,44.48,647.24,-1.00
12981.75,-16.91,55.22,647.24,-1.00
12986.83,-16.30,78.74,647.24,-1.00
12991.90,-15.93,86.41,647.24,-1.00
13008.42,-15.56,20.97,647.24,-1.00
13013.50,-15.18,96.41,647.24,-1.00
13018.57,-14.74,108.11,647.24,-1.00
13035.07,-14.28,115.37,647.24,-1.00
13040.15,-13.38,108.59,647.24,-1.00
13045.22,-12.90,119.59,647.24,-1.00
13061.74,-12.37,132.27,647.24,-1.00
13066.82,-11.86,29.41,647.24,-1.00
13071.89,-11.36,115.83,647.24,-1.00
13092.62,-10.24,38.69,647.24,0.00
13097.70,-9.12,127.02,647.24,0.00
13119.30,-8.51,34.88,647.24,-1.00
13141.73,-6.75,133.89,647.24,0.00
13146.81,-6.13,35.69,647.24,0.00
13151.89,-6.13,35.69,647.24,0.00
13168.40,-6.13,35.69,647.24,0.00
13173.48,-6.13,35.69,647.24,0.00
13178.55,-6.13,35.69,647.24,0.00
13195.07,-6.13,35.69,647.24,0.00
13200.15,-6.13,35.69,647.24,0.00
13205.22,-6.13,35.69,647.24,0.00
13221.76,-6.13,35.69,647.24,0.00
13231.05,0.88,-30.82,647.24,1.00
13248.41,0.79,-4.76,647.24,1.00
13253.48,0.72,-17.26,647.24,1.00
13275.06,0.51,-18.43,647.24,-1.00
13284.34,0.27,-15.54,647.24,1.00
13301.74,0.17,-5.76,647.24,1.00
13311.03,-0.14,-32.87,647.24,-1.00
13328.42,-0.31,-41.04,647.24,-1.00
13333.49,-0.61,-16.82,647.24,-1.00
13338.55,-0.83,-53.02,647.24,-1.00
13355.06,-1.06,-52.59,647.24,-1.00
13360.13,-1.48,-40.70,647.24,-1.00
13365.20,-1.63,-38.83,647.24,-1.00
13381.74,-1.86,-56.85,647.24,-1.00
13386.81,-2.07,-11.95,647.24,-1.00
13408.39,-2.61,-70.32,647.24,0.00
13413.46,-3.20,-66.55,647.24,0.00
13418.53,-3.50,-72.43,647.24,0.00
13435.07,-3.74,-61.24,647.24,0.00
13444.36,-4.19,-58.42,647.24,-1.00
13465.95,-4.52,-9.96,647.24,0.00
13471.02,-4.72,-40.56,647.24,0.00
13488.40,-4.85,-27.32,647.24,0.00
13493.47,-4.96,-6.28,647.24,0.00
13498.54,-5.11,-30.14,647.24,0.00
13519.32,-5.26,-3.94,647.24,-1.00
13524.39,-5.37,-21.89,647.24,-1.00
13541.74,-5.41,-7.96,647.24,-1.00
13546.81,-5.42,-1.14,647.24,-1.00
13551.89,-5.47,2.25,647.24,-1.00
13568.42,-5.47,2.25,647.24,-1.00
13573.49,-5.48,-0.63,647.24,-1.00
13578.57,-5.53,1.91,647.24,-1.00
13595.08,-5.53,1.91,647.24,-1.00
13600.16,-5.55,-1.13,647.24,-1.00
13605.23,-5.62,-12.89,647.24,-1.00
13621.75,-5.61,1.39,647.24,-1.00
13626.83,-5.64,-1.60,647.24,-1.00
13631.91,-5.70,-13.77,647.24,-1.00
13648.42,-5.71,-1.93,647.24,-1.00
13653.49,-5.73,-1.09,647.24,-1.00
13658.57,-5.73,-1.09,647.24,-1.00
13675.07,-5.73,-1.09,647.24,-1.00
13680.14,-5.73,-1.09,647.24,-1.00
13685.22,-5.73,-1.09,647.24,-1.00
13701.74,-5.73,-1.09,647.24,-1.00
13706.81,-5.73,-1.09,647.24,-1.00
13711.89,-5.73,-1.09,647.24,-1.00
13732.63,4.57,156.66,647.24,0.00
13755.06,5.21,38.27,647.24,1.00
13760.14,5.48,15.80,647.24,1.00
13765.21,5.65,40.96,647.24,1.00
13781.75,5.89,59.92,647.24,1.00
13786.83,6.28,43.12,647.24,1.00
13791.90,6.52,55.80,647.24,1.00
13808.42,6.68,8.82,647.24,1.00
13813.50,6.72,11.15,647.24,1.00
13818.57,6.68,-9.20,647.24,1.00
13835.08,6.62,-15.53,647.24,1.00
13840.16,6.42,-11.32,647.24,1.00
13862.78,5.65,-18.85,647.24,0.00
13867.85,5.21,-106.42,647.24,0.00
13872.92,4.77,-110.55,647.24,0.00
13888.41,4.34,-105.04,647.24,0.00
13897.70,3.42,-94.89,647.24,1.00
13915.07,2.92,-115.95,647.24,1.00
13920.14,2.06,-100.04,647.24,1.00
13925.21,1.61,-111.28,647.24,1.00
13941.74,1.28,-83.75,647.24,1.00
13946.81,0.90,-21.55,647.24,1.00
13951.88,0.53,-89.63,647.24,1.00
13968.41,0.22,-76.68,647.24,1.00
13977.70,-0.15,-23.90,647.24,-1.00
13995.07,-0.15,-23.90,647.24,-1.00
14000.13,-0.15,-23.90,647.24,-1.00
14005.20,-0.15,-23.90,647.24,-1.00
14021.44,-0.15,-23.90,647.24,-1.00
14026.51,-0.15,-23.90,647.24,-1.00
14031.59,-5.07,-79.70,647.24,-1.00
14048.42,-5.07,-79.70,647.24,-1.00
14053.50,-5.61,-73.95,647.24,-1.00
14058.57,-5.87,-64.54,647.24,-1.00
14075.08,-6.08,-52.19,647.24,-1.00
14080.16,-6.35,-15.40,647.24,-1.00
14085.24,-6.59,-55.22,647.24,-1.00
14101.74,-6.75,-37.95,647.24,-1.00
14106.81,-7.15,-45.01,647.24,-1.00
14111.89,-7.27,-26.91,647.24,-1.00
14128.42,-7.43,-9.16,647.24,-1.00
14133.50,-7.58,-36.23,647.24,-1.00
14138.57,-7.65,-15.10,647.24,-1.00
14155.08,-7.75,-23.81,647.24,-1.00
14160.16,-7.86,-6.16,647.24,-1.00
14165.24,-7.87,-4.15,647.24,-1.00
14181.75,-7.93,-14.04,647.24,-1.00
14186.83,-7.98,4.70,647.24,-1.00
14191.90,-8.00,-4.90,647.24,-1.00
14208.42,-8.04,-2.14,647.24,-1.00
14213.49,-7.99,11.79,647.24,-1.00
14218.57,-7.98,2.43,647.24,-1.00
14235.08,-7.99,-2.54,647.24,-1.00
14240.16,-7.92,4.14,647.24,-1.00
14245.23,-7.90,3.68,647.24,-1.00
14261.75,-7.90,1.64,647.24,-1.00
14266.83,-7.82,4.99,647.24,-1.00
14271.90,-7.82,0.90,647.24,-1.00
14288.42,-7.80,2.54,647.24,-1.00
14293.49,-7.73,4.01,647.24,-1.00
14298.57,-7.75,-3.10,647.24,-1.00
14315.08,-7.75,0.89,647.24,-1.00
14320.16,-7.69,2.99,647.24,-1.00
14325.24,-7.74,-9.42,647.24,-1.00
14341.75,-7.73,1.99,647.24,-1.00
14346.83,-7.71,1.45,647.24,-1.00
14351.90,-7.76,1.94,647.24,-1.00
14368.42,-7.76,1.94,647.24,-1.00
14373.49,-7.76,0.07,647.24,-1.00
14378.57,-7.83,-14.77,647.24,-1.00
14395.08,-7.82,2.95,647.24,-1.00
14400.16,-7.84,-1.15,647.24,-1.00
14405.24,-7.90,-12.88,647.24,-1.00
14421.75,-7.87,5.46,647.24,-1.00
14426.83,-7.90,-1.58,647.24,-1.00
14431.90,-7.94,-8.74,647.24,-1.00
14448.42,-7.90,7.87,647.24,-1.00
14453.49,-7.95,-2.88,647.24,-1.00
14458.57,-7.92,6.77,647.24,-1.00
14475.08,-7.92,6.77,647.24,-1.00
14480.16,-7.98,-3.23,647.24,-1.00
14485.23,-7.98,-3.23,647.24,-1.00
14501.74,-7.98,-3.23,647.24,-1.00
14506.81,-7.98,-3.23,647.24,-1.00
14511.89,-7.98,-3.23,647.24,-1.00
14528.27,-7.98,-3.23,647.24,-1.00
14533.35,-7.98,-3.23,647.24,-1.00
14538.40,-8.61,-10.39,647.24,-1.00
14555.08,-8.67,-14.00,647.24,-1.00
14560.16,-8.64,1.69,647.24,-1.00
14565.23,-8.76,-29.65,647.24,-1.00
14581.74,-8.73,9.70,647.24,-1.00
14586.82,-8.87,-15.60,647.24,-1.00
14591.89,-8.86,3.63,647.24,-1.00
14608.42,-8.99,-7.57,647.24,-1.00
14613.49,-8.93,12.94,647.24,-1.00
14618.57,-9.03,-22.28,647.24,-1.00
14635.08,-9.07,-8.98,647.24,-1.00
14640.16,-9.08,-0.96,647.24,-1.00
14645.23,-9.20,-29.11,647.24,-1.00
14661.74,-9.15,12.46,647.24,-1.00
14666.82,-9.27,1.74,647.24,-1.00
14671.89,-9.32,-13.85,647.24,-1.00
14688.42,-9.40,-19.76,647.24,-1.00
14693.49,-9.37,1.87,647.24,-1.00
14698.57,-9.49,-28.76,647.24,-1.00
14715.07,-9.42,17.51,647.24,-1.00
14720.15,-9.51,-0.01,647.24,-1.00
14725.22,-9.52,-1.55,647.24,-1.00
14741.75,-9.59,-4.54,647.24,-1.00
14746.83,-9.52,17.41,647.24,-1.00
14751.90,-9.63,-26.24,647.24,-1.00
14768.40,-9.54,21.52,647.24,-1.00
14773.48,-9.62,-1.40,647.24,-1.00
14778.56,-9.60,3.44,647.24,-1.00
14795.08,-9.68,-17.87,647.24,-1.00
14800.16,-9.60,4.44,647.24,-1.00
14805.23,-9.60,4.44,647.24,-1.00
14821.74,-9.60,4.44,647.24,-1.00
14826.81,-9.60,4.44,647.24,-1.00
14831.89,-9.60,4.44,647.24,-1.00
14848.40,-9.60,4.44,647.24,-1.00
14853.48,-9.60,4.44,647.24,-1.00
14858.55,-9.60,4.44,647.24,-1.00
14875.08,-9.03,9.04,647.24,-1.00
14880.16,-8.99,2.61,647.24,-1.00
14885.23,-8.86,28.79,647.24,-1.00
14901.75,-8.86,1.63,647.24,-1.00
14906.82,-8.68,10.29,647.24,-1.00
14911.90,-8.70,-5.29,647.24,-1.00
14928.41,-8.48,50.36,647.24,-1.00
14933.48,-8.32,45.23,647.24,-1.00
14938.56,-8.33,-2.13,647.24,-1.00
14955.09,-8.18,37.37,647.24,-1.00
14960.16,-8.16,1.22,647.24,-1.00
14965.24,-8.06,23.85,647.24,-1.00
14981.75,-8.00,15.43,647.24,-1.00
14986.83,-7.85,26.32,647.24,-1.00
14991.90,-7.85,-2.00,647.24,-1.00
15008.41,-7.71,37.41,647.24,-1.00
15013.48,-7.74,-2.23,647.24,-1.00
15018.56,-7.56,42.42,647.24,-1.00
15035.07,-7.63,-14.86,647.24,-1.00
15040.15,-7.52,-16.46,647.24,-1.00
15045.22,-7.35,39.60,647.24,-1.00
15061.75,-7.41,-14.67,647.24,-1.00
15066.83,-7.28,7.51,647.24,-1.00
15071.90,-7.31,-6.51,647.24,-1.00
15088.40,-7.20,25.86,647.24,-1.00
15093.48,-7.14,17.28,647.24,-1.00
15098.56,-7.10,7.07,647.24,-1.00
15115.08,-7.06,2.34,647.24,-1.00
15120.16,-7.00,12.80,647.24,-1.00
15125.24,-6.99,2.33,647.24,-1.00
15141.75,-6.99,2.33,647.24,-1.00
15146.83,-6.89,5.65,647.24,-1.00
15151.90,-6.78,29.54,647.24,-1.00
15168.42,-6.78,29.54,647.24,-1.00
15173.49,-6.82,-2.29,647.24,-1.00
15178.57,-6.72,-12.96,647.24,-1.00
15195.08,-6.72,-12.96,647.24,-1.00
15200.16,-6.55,9.34,647.24,-1.00
15205.24,-6.61,-11.82,647.24,-1.00
15221.75,-6.44,34.58,647.24,-1.00
15226.83,-6.50,-3.62,647.24,-1.00
15231.91,-6.33,34.72,647.24,-1.00
15248.42,-6.39,-11.63,647.24,-1.00
15253.49,-6.23,9.19,647.24,-1.00
15276.11,-6.18,-2.86,647.24,0.00
15285.40,-6.05,28.15,647.24,-1.00
15301.75,-6.09,-8.96,647.24,-1.00
15306.83,-5.97,7.06,647.24,-1.00
15311.90,-5.97,7.06,647.24,-1.00
15328.41,-5.97,7.06,647.24,-1.00
15333.48,-5.97,7.06,647.24,-1.00
15338.55,-5.97,7.06,647.24,-1.00
15354.99,-5.97,7.06,647.24,-1.00
15360.06,-5.97,7.06,647.24,-1.00
15365.14,-9.36,-56.41,647.24,-1.00
15381.75,-9.46,-21.19,647.24,-1.00
15386.83,-9.69,-12.79,647.24,-1.00
15391.91,-9.76,-16.70,647.24,-1.00
15408.40,-9.99,-54.56,647.24,-1.00
15413.48,-10.22,-48.02,647.24,-1.00
15418.56,-10.19,5.76,647.24,-1.00
15435.08,-10.41,-12.13,647.24,-1.00
15440.16,-10.34,14.68,647.24,-1.00
15445.24,-10.54,-44.93,647.24,-1.00
15461.75,-10.45,21.50,647.24,-1.00
15466.82,-10.61,-9.05,647.24,-1.00
15471.90,-10.52,19.58,647.24,-1.00
15488.42,-10.64,-27.93,647.24,-1.00
15493.50,-10.64,-7.57,647.24,-1.00
15498.58,-10.68,-9.96,647.24,-1.00
15515.08,-10.66,1.59,647.24,-1.00
15520.16,-10.74,-18.63,647.24,-1.00
15525.24,-10.67,14.91,647.24,-1.00
15541.75,-10.77,-21.68,647.24,-1.00
15546.83,-10.71,3.42,647.24,-1.00
15551.91,-10.82,-27.91,647.24,-1.00
15568.42,-10.75,18.47,647.24,-1.00
15573.49,-10.78,21.22,647.24,-1.00
15578.57,-10.93,-33.36,647.24,-1.00
15595.08,-10.82,6.00,647.24,-1.00
15600.17,-10.97,-30.74,647.24,-1.00
15605.25,-10.86,22.77,647.24,-1.00
15621.75,-10.86,22.77,647.24,-1.00
0.00,0.00,0.00,0.00,0.00
