time,theta_b,dtheta_b
3933.15,0.00,-0.09
4445.25,0.35,0.69
4468.37,0.70,15.21
4489.71,1.05,16.47
4507.19,1.41,20.12
4526.90,1.76,17.83
4543.83,2.11,20.77
4556.48,2.46,27.79
4566.60,2.81,34.74
4576.85,3.16,34.30
4586.54,3.52,36.25
4595.56,3.87,39.00
4604.19,4.22,40.71
4611.74,4.57,46.60
4619.24,4.92,46.88
4627.83,5.27,40.90
4634.99,5.62,49.15
4642.32,5.98,47.98
4650.40,6.33,43.49
4657.15,6.68,52.12
4663.86,7.03,52.34
4670.24,7.38,55.11
4676.75,7.73,54.02
4682.31,8.09,63.23
4688.63,8.44,55.59
4692.91,8.79,82.26
4699.54,9.14,53.03
4705.12,9.49,62.97
4710.79,9.84,62.01
4716.02,10.20,67.17
4720.76,10.55,74.17
4726.72,10.90,58.98
4732.03,11.25,66.25
4737.52,11.60,63.98
4743.15,11.95,62.48
4748.34,12.30,67.73
4753.79,12.66,64.48
4758.77,13.01,70.71
4763.56,13.36,73.27
4769.85,13.71,55.96
4774.90,14.06,69.51
4779.53,14.41,76.05
4785.64,14.77,57.55
4790.21,15.12,76.81
4795.58,15.47,65.50
4801.25,15.82,62.00
4806.23,16.17,70.58
4811.11,16.52,72.09
4816.32,16.88,67.49
4821.34,17.23,70.05
4826.64,17.58,66.33
4831.83,17.93,67.76
4836.84,18.28,70.07
4841.99,18.63,68.30
4847.92,18.98,59.28
4852.02,19.34,85.75
4857.95,19.69,59.28
4862.58,20.04,76.03
4868.81,20.39,56.36
4874.59,20.74,60.83
4880.02,21.09,64.74
4885.65,21.45,62.49
4891.84,21.80,56.75
4897.03,22.15,67.74
4902.53,22.50,63.97
4908.81,22.85,55.97
4915.40,23.20,53.38
4920.11,23.55,74.63
4926.50,23.91,55.01
4932.75,24.26,56.20
4938.99,24.61,56.34
4945.48,24.96,54.16
4951.38,25.31,59.62
4956.77,25.66,65.21
4963.73,26.02,50.56
4970.40,26.37,52.68
4976.59,26.72,56.77
4983.92,27.07,47.97
4991.40,27.42,46.99
4997.62,27.77,56.57
5005.12,28.12,46.86
5012.52,28.48,47.55
5018.95,28.83,54.67
5027.59,29.18,40.69
5035.63,29.53,43.72
5043.51,29.88,44.61
5052.58,30.23,38.75
5058.69,30.59,57.57
5069.50,30.94,32.50
5077.53,31.29,43.81
5087.74,31.64,34.44
5096.20,31.99,41.55
5104.84,32.34,40.71
5112.34,32.70,46.86
5122.90,33.05,33.30
5130.57,33.40,45.79
5138.86,33.75,42.42
5148.52,34.10,36.41
5156.66,34.45,43.18
5166.08,34.80,37.31
5173.83,35.16,45.38
5182.39,35.51,41.04
5190.64,35.86,42.64
5197.83,36.21,48.85
5204.99,36.56,49.15
5212.71,36.91,45.54
5218.97,37.27,56.12
5226.80,37.62,44.93
5234.04,37.97,48.55
5240.84,38.32,51.67
5247.65,38.67,51.66
5255.13,39.02,46.99
5262.74,39.38,46.19
5267.45,39.73,74.63
5274.95,40.08,46.86
5284.33,40.43,37.49
5291.53,40.78,48.84
5300.60,41.13,38.76
5308.60,41.48,43.95
5317.70,41.84,38.63
5325.38,42.19,45.79
5336.19,42.54,32.50
5345.18,42.89,39.12
5356.43,43.24,31.24
5365.77,43.59,37.66
5376.58,43.95,32.50
5388.68,44.30,29.06
5401.19,44.65,28.12
5415.41,45.00,24.72
5432.77,45.35,20.25
5454.66,45.70,16.06
5486.68,46.05,10.98
5626.04,45.70,-2.52
5669.26,45.35,-8.14
5702.10,45.00,-10.70
5734.70,44.65,-10.78
5767.94,44.30,-10.58
5801.81,43.95,-10.38
5990.92,43.59,-1.86
6590.17,43.24,-0.59
6599.42,42.89,-38.02
6605.53,42.54,-57.57
6615.06,42.19,-36.86
6619.99,41.84,-71.37
6624.63,41.48,-75.74
6628.82,41.13,-83.95
6633.10,40.78,-82.26
6636.85,40.43,-93.73
6641.29,40.08,-79.02
6644.79,39.73,-100.73
6647.97,39.38,-110.42
6650.43,39.02,-143.03
6653.77,38.67,-105.13
6657.35,38.32,-98.31
6659.96,37.97,-134.34
6662.67,37.62,-129.97
6665.84,37.27,-110.90
6668.65,36.91,-125.24
6671.45,36.56,-125.29
6673.31,36.21,-188.91
6675.84,35.86,-138.96
6678.52,35.51,-131.43
6680.64,35.16,-165.68
6683.35,34.80,-129.97
6685.64,34.45,-152.99
6687.88,34.10,-156.95
6689.89,33.75,-175.26
6692.33,33.40,-143.96
6694.60,33.05,-154.87
6696.82,32.70,-158.15
6698.87,32.34,-171.49
6701.19,31.99,-152.06
6702.93,31.64,-201.70
6705.31,31.29,-147.78
6707.06,30.94,-200.32
6708.97,30.59,-184.06
6710.91,30.23,-181.12
6712.97,29.88,-170.91
6715.28,29.53,-152.52
6716.76,29.18,-237.06
6718.50,28.83,-201.58
6720.66,28.48,-162.99
6722.56,28.12,-185.23
6724.48,27.77,-183.11
6726.36,27.42,-187.20
6728.02,27.07,-210.64
6729.85,26.72,-193.06
6731.46,26.37,-218.23
6733.16,26.02,-206.68
6735.27,25.66,-166.78
6736.81,25.31,-228.14
6738.32,24.96,-232.51
6740.35,24.61,-172.67
6742.27,24.26,-183.11
6743.71,23.91,-244.31
6745.72,23.55,-175.26
6747.25,23.20,-229.78
6748.89,22.85,-213.98
6750.65,22.50,-199.75
6752.18,22.15,-230.38
6753.64,21.80,-240.47
6755.19,21.45,-227.55
6756.93,21.09,-201.47
6758.52,20.74,-221.53
6760.15,20.39,-215.81
6761.56,20.04,-249.34
6763.26,19.69,-206.56
6764.83,19.34,-223.93
6766.38,18.98,-226.81
6767.92,18.63,-227.55
6769.43,18.28,-233.29
6770.98,17.93,-227.40
6772.64,17.58,-211.78
6774.22,17.23,-221.81
6775.65,16.88,-246.88
6777.19,16.52,-227.99
6778.67,16.17,-237.22
6780.15,15.82,-236.90
6781.75,15.47,-219.86
6783.10,15.12,-261.58
6784.50,14.77,-250.22
6786.29,14.41,-196.62
6787.59,14.06,-270.02
6788.91,13.71,-267.35
6790.21,13.36,-268.78
6792.13,13.01,-183.87
6793.36,12.66,-286.06
6794.81,12.30,-241.79
6796.43,11.95,-217.42
6797.86,11.60,-244.82
6799.29,11.25,-246.88
6800.62,10.90,-264.13
6802.12,10.55,-234.06
6803.56,10.20,-243.80
6805.05,9.84,-236.90
6806.20,9.49,-305.18
6807.65,9.14,-242.96
6809.01,8.79,-257.18
6810.50,8.44,-237.06
6811.81,8.09,-267.55
6813.17,7.73,-258.12
6814.65,7.38,-237.22
6815.90,7.03,-281.25
6817.12,6.68,-287.93
6818.91,6.33,-196.62
6819.92,5.98,-350.16
6821.62,5.62,-206.56
6822.89,5.27,-276.82
6824.28,4.92,-252.92
6825.76,4.57,-237.06
6827.29,4.22,-229.78
6828.38,3.87,-323.42
6829.77,3.52,-251.66
6831.17,3.16,-252.02
6832.48,2.81,-268.57
6834.05,2.46,-223.21
6834.96,2.11,-385.91
6836.64,1.76,-210.26
6838.06,1.41,-246.88
6839.46,1.05,-251.84
6840.85,0.70,-251.84
6842.04,0.35,-294.93
6843.56,0.00,-231.90
6844.94,-0.35,-254.57
6846.17,-0.70,-285.13
6847.75,-1.05,-223.50
6848.86,-1.41,-316.72
6850.25,-1.76,-253.10
6851.74,-2.11,-235.95
6853.20,-2.46,-239.97
6854.60,-2.81,-252.20
6856.08,-3.16,-237.06
6857.39,-3.52,-268.78
6858.52,-3.87,-310.57
6859.96,-4.22,-244.31
6861.44,-4.57,-237.06
6862.56,-4.92,-314.74
6864.32,-5.27,-199.19
6865.41,-5.62,-323.13
6866.81,-5.98,-252.02
6868.25,-6.33,-244.14
6869.86,-6.68,-217.28
6870.95,-7.03,-322.83
6872.48,-7.38,-230.23
6874.05,-7.73,-223.93
6875.53,-8.09,-237.06
6876.71,-8.44,-298.69
6878.37,-8.79,-212.04
6879.76,-9.14,-251.84
6881.03,-9.49,-277.92
6882.52,-9.84,-235.32
6883.86,-10.20,-262.95
6885.56,-10.55,-206.56
6887.00,-10.90,-243.63
6888.31,-11.25,-268.78
6889.75,-11.60,-244.31
6891.15,-11.95,-251.84
6892.72,-12.30,-223.93
6894.24,-12.66,-230.38
6895.90,-13.01,-212.04
6896.90,-13.36,-350.51
6898.71,-13.71,-194.56
6899.74,-14.06,-342.99
6901.53,-14.41,-196.29
6903.19,-14.77,-212.04
6904.50,-15.12,-268.57
6906.19,-15.47,-206.92
6908.03,-15.82,-191.69
6909.47,-16.17,-244.14
6911.17,-16.52,-206.80
6912.61,-16.88,-244.14
6914.01,-17.23,-250.76
6915.53,-17.58,-231.75
6917.32,-17.93,-196.18
6918.58,-18.28,-278.80
6920.38,-18.63,-194.99
6921.98,-18.98,-219.73
6923.54,-19.34,-226.38
6924.95,-19.69,-248.81
6926.78,-20.04,-191.80
6928.61,-20.39,-192.01
6929.98,-20.74,-256.43
6931.80,-21.09,-193.91
6933.37,-21.45,-223.78
6934.89,-21.80,-230.38
6936.95,-22.15,-171.24
6938.43,-22.50,-237.06
6940.44,-22.85,-175.26
6942.22,-23.20,-196.62
6943.93,-23.55,-205.95
6945.54,-23.91,-218.77
6947.49,-24.26,-180.01
6949.26,-24.61,-198.74
6951.25,-24.96,-176.22
6952.91,-25.31,-212.17
6954.80,-25.66,-186.01
6956.49,-26.02,-208.52
6958.32,-26.37,-191.90
6960.41,-26.72,-167.89
6962.46,-27.07,-171.75
6964.64,-27.42,-161.27
6966.39,-27.77,-201.01
6968.53,-28.12,-164.51
6970.53,-28.48,-175.26
6972.51,-28.83,-177.74
6974.97,-29.18,-143.20
6976.99,-29.53,-173.87
6978.90,-29.88,-183.39
6981.44,-30.23,-138.79
6983.83,-30.59,-146.67
6986.23,-30.94,-146.61
6988.22,-31.29,-176.84
6990.55,-31.64,-150.69
6992.52,-31.99,-179.09
6994.52,-32.34,-175.26
6996.96,-32.70,-143.96
6999.12,-33.05,-163.37
7001.59,-33.40,-142.22
7004.42,-33.75,-124.01
7006.21,-34.10,-196.29
7009.40,-34.45,-110.48
7011.66,-34.80,-155.15
7014.98,-35.16,-105.99
7017.95,-35.51,-118.53
7020.87,-35.86,-120.27
7024.10,-36.21,-108.94
7026.98,-36.56,-122.11
7030.86,-36.91,-90.56
7034.22,-37.27,-104.66
7037.60,-37.62,-104.01
7041.46,-37.97,-91.08
7046.65,-38.32,-67.73
7050.53,-38.67,-90.56
7055.38,-39.02,-72.40
7061.30,-39.38,-59.42
7067.71,-39.73,-54.83
7075.83,-40.08,-43.34
7086.47,-40.43,-33.03
7134.16,-40.08,7.37
7142.82,-39.73,40.57
7148.23,-39.38,64.98
7154.75,-39.02,53.98
7159.05,-38.67,81.68
7163.53,-38.32,78.49
7168.21,-37.97,75.09
7172.40,-37.62,83.97
7175.62,-37.27,108.94
7179.11,-36.91,100.79
7183.13,-36.56,87.61
7186.22,-36.21,113.55
7189.87,-35.86,96.32
7192.60,-35.51,128.64
7196.25,-35.16,96.34
7198.87,-34.80,134.39
7201.62,-34.45,127.93
7204.45,-34.10,124.14
7206.85,-33.75,146.36
7209.91,-33.40,115.12
7212.21,-33.05,152.72
7214.44,-32.70,157.37
7217.10,-32.34,132.17
7219.19,-31.99,168.13
7220.83,-31.64,214.89
7223.75,-31.29,120.48
7225.91,-30.94,162.53
7228.28,-30.59,148.15
7230.67,-30.23,147.41
7232.89,-29.88,158.01
7235.07,-29.53,161.49
7237.38,-29.18,152.13
7239.91,-28.83,138.79
7241.32,-28.48,249.87
7243.84,-28.12,139.62
7245.74,-27.77,184.84
7247.94,-27.42,159.87
7249.77,-27.07,192.01
7251.91,-26.72,164.67
7253.84,-26.37,181.59
7255.62,-26.02,198.18
7257.65,-25.66,172.76
7259.76,-25.31,166.78
7261.15,-24.96,251.84
7263.16,-24.61,175.26
7264.98,-24.26,193.49
7266.65,-23.91,210.64
7268.28,-23.55,215.02
7270.53,-23.20,156.25
7271.93,-22.85,252.02
7273.98,-22.50,171.49
7275.68,-22.15,206.80
7277.16,-21.80,237.06
7279.09,-21.45,182.25
7280.74,-21.09,213.33
7282.35,-20.74,218.23
7284.09,-20.39,201.58
7285.77,-20.04,208.89
7287.54,-19.69,198.96
7289.02,-19.34,237.22
7290.77,-18.98,201.58
7292.43,-18.63,212.04
7294.04,-18.28,217.96
7295.78,-17.93,201.47
7297.32,-17.58,228.88
7298.75,-17.23,246.54
7300.38,-16.88,215.81
7302.11,-16.52,202.86
7303.50,-16.17,251.84
7305.29,-15.82,196.62
7306.82,-15.47,230.23
7308.35,-15.12,230.23
7310.22,-14.77,187.50
7311.80,-14.41,222.51
7313.13,-14.06,264.73
7314.77,-13.71,214.37
7316.28,-13.36,232.51
7318.05,-13.01,198.74
7319.42,-12.66,256.24
7320.64,-12.30,288.17
7322.04,-11.95,251.84
7323.87,-11.60,191.90
7325.44,-11.25,223.78
7326.75,-10.90,268.78
7328.32,-10.55,223.93
7330.02,-10.20,206.68
7331.55,-9.84,230.23
7333.21,-9.49,212.04
7334.51,-9.14,268.78
7335.91,-8.79,251.84
7337.62,-8.44,204.99
7338.96,-8.09,262.95
7340.27,-7.73,268.37
7341.88,-7.38,217.96
7343.54,-7.03,211.66
7345.02,-6.68,237.54
7346.38,-6.33,260.03
7347.86,-5.98,236.90
7349.39,-5.62,229.93
7350.86,-5.27,239.16
7352.44,-4.92,221.95
7354.10,-4.57,212.17
7355.15,-4.22,336.10
7356.63,-3.87,237.06
7358.20,-3.52,223.93
7359.90,-3.16,206.68
7361.12,-2.81,288.40
7362.78,-2.46,212.17
7364.12,-2.11,262.56
7365.49,-1.76,256.61
7367.16,-1.41,210.26
7368.61,-1.05,241.96
7370.15,-0.70,228.14
7371.37,-0.35,288.17
7372.87,0.00,235.00
7374.43,0.35,225.51
7375.78,0.70,260.61
7377.35,1.05,223.50
7378.92,1.41,224.35
7380.46,1.76,226.96
7381.93,2.11,240.14
7383.35,2.46,247.93
7384.85,2.81,233.60
7386.42,3.16,224.93
7387.99,3.52,222.93
7389.17,3.87,298.44
7390.72,4.22,227.11
7392.12,4.57,251.12
7393.60,4.92,237.70
7395.23,5.27,215.42
7396.90,5.62,209.76
7398.33,5.98,246.71
7399.78,6.33,241.79
7401.38,6.68,219.86
7402.92,7.03,228.88
7404.13,7.38,290.07
7405.40,7.73,278.13
7407.21,8.09,194.13
7408.80,8.44,221.11
7410.32,8.79,230.38
7411.89,9.14,223.93
7413.31,9.49,248.81
7415.04,9.84,203.22
7416.37,10.20,264.33
7418.00,10.55,215.15
7419.57,10.90,224.07
7420.70,11.25,310.02
7422.43,11.60,203.92
7424.19,11.95,199.07
7425.67,12.30,237.06
7427.25,12.66,223.78
7428.70,13.01,241.62
7430.32,13.36,217.55
7431.91,13.71,220.28
7433.66,14.06,201.47
7435.18,14.41,230.38
7436.58,14.77,251.84
7438.46,15.12,187.40
7440.10,15.47,214.11
7441.38,15.82,274.66
7443.30,16.17,183.20
7445.00,16.52,206.20
7446.54,16.88,229.03
7448.18,17.23,214.37
7449.94,17.58,198.85
7451.67,17.93,203.45
7453.20,18.28,229.93
7455.30,18.63,167.89
7456.84,18.98,228.14
7458.26,19.34,247.23
7460.40,19.69,164.59
7462.01,20.04,217.28
7463.76,20.39,201.47
7465.63,20.74,187.70
7467.29,21.09,212.17
7469.03,21.45,201.47
7471.26,21.80,158.01
7472.98,22.15,204.16
7474.79,22.50,194.13
7476.54,22.85,201.58
7478.37,23.20,191.90
7480.29,23.55,183.20
7482.07,23.91,196.62
7484.34,24.26,154.94
7486.22,24.61,187.30
7488.18,24.96,179.28
7489.84,25.31,211.53
7492.06,25.66,158.43
7494.16,26.02,167.89
7496.08,26.37,183.20
7498.52,26.72,143.96
7500.92,27.07,146.55
7502.62,27.42,206.68
7504.67,27.77,171.24
7506.81,28.12,164.67
7509.47,28.48,132.02
7511.65,28.83,161.27
7514.35,29.18,130.02
7516.31,29.53,179.37
7518.89,29.88,136.53
7521.37,30.23,141.53
7523.38,30.59,175.17
7526.48,30.94,113.44
7529.05,31.29,136.79
7532.23,31.64,110.31
7534.91,31.99,131.43
7537.41,32.34,140.62
7540.65,32.70,108.57
7543.14,33.05,141.19
7546.60,33.40,101.61
7549.98,33.75,103.77
7552.86,34.10,122.24
7556.75,34.45,90.40
7560.67,34.80,89.66
7563.70,35.16,115.95
7568.21,35.51,77.92
7572.23,35.86,87.61
7577.25,36.21,70.05
7582.13,36.56,71.97
7587.80,36.91,61.99
7592.40,37.27,76.39
7600.15,37.62,45.42
7609.67,37.97,36.91
7622.61,38.32,27.17
7664.92,37.97,-8.31
7672.86,37.62,-44.30
7679.31,37.27,-54.46
7684.55,36.91,-67.16
7689.04,36.56,-78.30
7694.58,36.21,-63.44
7699.20,35.86,-76.05
7703.35,35.51,-84.65
7706.62,35.16,-107.74
7710.81,34.80,-83.95
7714.38,34.45,-98.31
7718.13,34.10,-93.73
7721.17,33.75,-115.80
7724.24,33.40,-114.52
7727.18,33.05,-119.38
7730.26,32.70,-114.29
7733.08,32.34,-124.67
7736.37,31.99,-106.99
7738.73,31.64,-148.53
7742.17,31.29,-102.38
7744.39,30.94,-158.01
7746.75,30.59,-149.28
7749.63,30.23,-122.11
7752.07,29.88,-143.91
7754.42,29.53,-149.28
7757.08,29.18,-132.27
7759.42,28.83,-150.05
7761.40,28.48,-177.83
7763.77,28.12,-148.46
7766.27,27.77,-140.85
7768.56,27.42,-153.52
7770.79,27.07,-157.02
7772.87,26.72,-169.26
7774.92,26.37,-171.58
7777.32,26.02,-146.55
7779.15,25.66,-191.90
7781.51,25.31,-149.22
7783.78,24.96,-154.81
7785.64,24.61,-189.22
7787.73,24.26,-168.21
7789.97,23.91,-156.60
7791.98,23.55,-175.43
7793.68,23.20,-206.32
7795.79,22.85,-167.01
7797.60,22.50,-193.17
7799.81,22.15,-159.58
7801.75,21.80,-181.12
7803.60,21.45,-190.34
7805.46,21.09,-188.91
7807.38,20.74,-183.20
7809.12,20.39,-201.82
7811.11,20.04,-176.58
7812.72,19.69,-218.09
7814.57,19.34,-190.03
7816.36,18.98,-196.29
7817.88,18.63,-230.84
7820.07,18.28,-161.19
7821.84,17.93,-198.18
7823.90,17.58,-170.25
7825.42,17.23,-231.75
7826.84,16.88,-247.75
7828.79,16.52,-180.38
7830.77,16.17,-177.83
7832.32,15.82,-226.09
7833.89,15.47,-223.93
7835.79,15.12,-185.72
7837.47,14.77,-208.40
7839.04,14.41,-224.35
7840.70,14.06,-211.66
7842.37,13.71,-210.64
7844.23,13.36,-188.91
7845.80,13.01,-223.78
7847.58,12.66,-197.17
7849.03,12.30,-243.46
7850.89,11.95,-188.81
7852.34,11.60,-241.96
7853.79,11.25,-242.12
7855.61,10.90,-193.27
7857.28,10.55,-210.90
7858.69,10.20,-249.69
7860.69,9.84,-175.96
7862.11,9.49,-246.54
7863.78,9.14,-210.52
7865.38,8.79,-219.45
7866.90,8.44,-231.90
7868.51,8.09,-218.36
7870.13,7.73,-217.42
7871.51,7.38,-255.13
7873.21,7.03,-206.20
7874.68,6.68,-239.97
7876.42,6.33,-201.58
7877.79,5.98,-257.18
7879.52,5.62,-203.22
7880.87,5.27,-259.84
7882.66,4.92,-196.62
7884.23,4.57,-223.93
7885.61,4.22,-254.39
7887.46,3.87,-190.45
7888.90,3.52,-244.31
7890.62,3.16,-204.04
7891.99,2.81,-255.87
7893.43,2.46,-244.14
7894.91,2.11,-237.22
7896.71,1.76,-196.29
7898.14,1.41,-244.82
7899.58,1.05,-244.14
7901.71,0.70,-164.98
7902.63,0.35,-381.30
7904.43,0.00,-196.18
7906.10,-0.35,-209.76
7907.54,-0.70,-244.14
7909.18,-1.05,-214.63
7910.72,-1.41,-227.99
7912.21,-1.76,-237.06
7913.63,-2.11,-246.71
7915.52,-2.46,-186.31
7916.92,-2.81,-251.30
7918.64,-3.16,-203.57
7920.08,-3.52,-243.80
7921.57,-3.87,-237.38
7923.00,-4.22,-244.48
7924.88,-4.57,-187.00
7926.45,-4.92,-223.93
7927.94,-5.27,-237.06
7929.86,-5.62,-183.20
7931.03,-5.98,-298.44
7932.60,-6.33,-224.35
7934.35,-6.68,-201.47
7936.05,-7.03,-206.80
7937.53,-7.38,-236.58
7939.20,-7.73,-210.52
7940.94,-8.09,-202.86
7942.56,-8.44,-215.95
7944.02,-8.79,-241.62
7945.69,-9.14,-210.26
7947.36,-9.49,-210.52
7949.11,-9.84,-201.24
7951.01,-10.20,-184.64
7952.23,-10.55,-287.69
7953.87,-10.90,-215.29
7955.46,-11.25,-220.97
7957.31,-11.60,-190.03
7959.12,-11.95,-193.49
7960.87,-12.30,-201.47
7962.44,-12.66,-223.93
7964.14,-13.01,-206.56
7965.71,-13.36,-223.93
7967.59,-13.71,-187.40
7969.16,-14.06,-223.93
7971.12,-14.41,-179.37
7973.07,-14.77,-180.20
7974.44,-15.12,-257.18
7976.53,-15.47,-167.89
7978.01,-15.82,-237.54
7979.84,-16.17,-191.59
7982.07,-16.52,-158.22
7983.72,-16.88,-212.17
7985.47,-17.23,-201.47
7987.30,-17.58,-191.80
7989.02,-17.93,-204.99
7990.75,-18.28,-202.86
7992.68,-18.63,-182.06
7994.63,-18.98,-180.47
7996.59,-19.34,-178.82
7998.38,-19.69,-196.95
8000.48,-20.04,-167.65
8002.31,-20.39,-192.22
8004.27,-20.74,-179.09
8006.23,-21.09,-179.09
8008.33,-21.45,-167.89
8010.42,-21.80,-167.65
8012.45,-22.15,-173.61
8014.65,-22.50,-159.44
8016.48,-22.85,-191.90
8018.75,-23.20,-155.01
8020.85,-23.55,-167.89
8023.29,-23.91,-143.91
8025.25,-24.26,-179.37
8027.39,-24.61,-164.28
8029.57,-24.96,-161.12
8031.96,-25.31,-147.47
8034.28,-25.66,-151.27
8036.56,-26.02,-154.13
8039.08,-26.37,-139.62
8041.35,-26.72,-155.01
8044.09,-27.07,-128.03
8046.58,-27.42,-141.25
8048.94,-27.77,-149.22
8051.86,-28.12,-120.32
8054.43,-28.48,-136.64
8057.05,-28.83,-134.34
8060.63,-29.18,-98.28
8063.07,-29.53,-143.96
8066.38,-29.88,-106.15
8069.46,-30.23,-114.33
8072.31,-30.59,-122.92
8075.95,-30.94,-96.72
8079.16,-31.29,-109.52
8082.21,-31.64,-115.12
8086.24,-31.99,-87.41
8089.28,-32.34,-115.46
8093.34,-32.70,-86.63
8097.57,-33.05,-83.07
8101.60,-33.40,-87.30
8107.08,-33.75,-64.14
8111.92,-34.10,-72.61
8118.03,-34.45,-57.58
8125.18,-34.80,-49.14
8133.16,-35.16,-44.06
8149.96,-35.51,-20.93
8194.69,-35.16,7.86
8201.25,-34.80,53.56
8207.45,-34.45,56.75
8214.78,-34.10,47.98
8219.40,-33.75,76.06
8224.50,-33.40,68.88
8227.95,-33.05,102.02
8233.01,-32.70,69.48
8236.32,-32.34,106.05
8240.33,-31.99,87.63
8243.87,-31.64,99.56
8247.75,-31.29,90.49
8250.98,-30.94,108.94
8254.42,-30.59,102.05
8257.52,-30.23,113.55
8260.53,-29.88,116.91
8263.60,-29.53,114.48
8266.42,-29.18,124.67
8270.08,-28.83,95.95
8272.52,-28.48,143.96
8275.44,-28.12,120.44
8278.37,-27.77,120.19
8281.03,-27.42,132.12
8283.16,-27.07,164.51
8285.87,-26.72,130.06
8288.24,-26.37,148.40
8290.88,-26.02,132.82
8293.28,-25.66,146.42
8295.50,-25.31,158.29
8298.08,-24.96,136.42
8300.26,-24.61,161.27
8302.40,-24.26,164.67
8304.67,-23.91,154.74
8306.89,-23.55,158.08
8309.18,-23.20,153.65
8311.45,-22.85,155.01
8313.48,-22.50,172.76
8315.66,-22.15,161.79
8317.97,-21.80,151.86
8319.95,-21.45,177.74
8321.85,-21.09,184.94
8323.57,-20.74,204.99
8326.13,-20.39,137.22
8328.13,-20.04,175.17
8330.21,-19.69,169.02
8331.84,-19.34,215.95
8333.76,-18.98,182.91
8335.87,-18.63,167.25
8337.84,-18.28,177.74
8339.56,-17.93,205.11
8341.45,-17.58,185.82
8343.53,-17.23,168.94
8345.26,-16.88,203.57
8347.46,-16.52,159.87
8348.89,-16.17,244.65
8350.95,-15.82,171.33
8352.87,-15.47,183.11
8354.39,-15.12,230.84
8356.79,-14.77,146.36
8358.28,-14.41,237.06
8360.31,-14.06,172.76
8361.89,-13.71,221.81
8363.68,-13.36,196.51
8365.57,-13.01,186.01
8367.22,-12.66,213.98
8369.16,-12.30,181.12
8370.81,-11.95,212.42
8372.62,-11.60,194.23
8374.54,-11.25,182.91
8376.03,-10.90,237.06
8377.82,-10.55,196.62
8379.61,-10.20,196.51
8381.17,-9.84,223.93
8383.14,-9.49,179.09
8384.91,-9.14,198.18
8386.54,-8.79,215.81
8387.95,-8.44,250.22
8389.84,-8.09,185.82
8391.51,-7.73,210.26
8393.21,-7.38,206.68
8394.96,-7.03,201.58
8396.53,-6.68,223.93
8398.14,-6.33,217.82
8400.06,-5.98,182.82
8401.30,-5.62,282.83
8403.06,-5.27,200.66
8404.99,-4.92,182.06
8406.73,-4.57,201.47
8408.39,-4.22,212.17
8410.08,-3.87,208.40
8411.62,-3.52,227.99
8413.42,-3.16,195.10
8414.93,-2.81,232.51
8416.85,-2.46,183.20
8418.33,-2.11,237.06
8420.08,-1.76,201.58
8421.74,-1.41,212.04
8423.39,-1.05,212.04
8425.23,-0.70,191.90
8426.89,-0.35,211.78
8428.37,0.00,236.90
8430.07,0.35,206.68
8431.77,0.70,206.68
8433.28,1.05,232.98
8435.14,1.41,188.91
8436.83,1.76,208.15
8438.45,2.11,217.82
8440.28,2.46,191.90
8441.94,2.81,212.04
8443.42,3.16,237.06
8445.16,3.52,201.58
8446.47,3.87,268.57
8448.70,4.22,157.93
8450.49,4.57,196.62
8452.01,4.92,230.38
8453.89,5.27,187.40
8455.46,5.62,223.93
8457.14,5.98,208.52
8458.86,6.33,205.23
8460.52,6.68,211.66
8462.07,7.03,226.52
8463.92,7.38,190.03
8465.75,7.73,191.90
8467.50,8.09,201.47
8469.12,8.44,215.95
8471.07,8.79,180.38
8472.78,9.14,206.68
8474.62,9.49,190.03
8476.53,9.84,184.94
8477.42,10.20,393.25
8479.67,10.55,156.32
8481.66,10.90,176.75
8483.26,11.25,218.77
8485.21,11.60,181.12
8486.95,11.95,201.47
8488.84,12.30,186.11
8490.72,12.66,187.00
8492.59,13.01,187.90
8494.34,13.36,200.66
8496.11,13.71,198.96
8497.77,14.06,212.17
8500.08,14.41,152.06
8501.78,14.77,206.56
8503.99,15.12,159.15
8505.50,15.47,233.44
8507.32,15.82,192.32
8509.33,16.17,175.61
8511.29,16.52,179.09
8513.38,16.88,167.89
8515.50,17.23,165.68
8517.48,17.58,177.83
8519.23,17.93,201.58
8521.14,18.28,183.20
8523.11,18.63,179.00
8525.33,18.98,158.08
8527.17,19.34,191.90
8529.61,19.69,143.85
8531.60,20.04,176.84
8533.92,20.39,151.14
8535.99,20.74,170.25
8538.20,21.09,158.93
8540.34,21.45,164.44
8542.52,21.80,161.27
8544.87,22.15,149.22
8547.46,22.50,135.79
8549.76,22.85,153.05
8551.94,23.20,161.19
8554.56,23.55,134.34
8556.83,23.91,155.01
8559.40,24.26,136.64
8561.89,24.61,141.36
8564.42,24.96,138.96
8566.95,25.31,138.96
8569.48,25.66,138.96
8572.62,26.02,111.93
8575.21,26.37,135.84
8577.98,26.72,126.60
8581.25,27.07,107.48
8584.22,27.42,118.49
8586.92,27.77,130.02
8590.15,28.12,108.88
8593.34,28.48,110.42
8596.70,28.83,104.63
8600.16,29.18,101.43
8603.24,29.53,114.33
8607.84,29.88,76.38
8611.61,30.23,93.18
8615.46,30.59,91.48
8620.51,30.94,69.56
8624.87,31.29,80.60
8629.61,31.64,74.15
8635.21,31.99,62.84
8641.59,32.34,55.06
8648.60,32.70,50.16
8657.22,33.05,40.81
8668.32,33.40,31.67
8713.51,33.05,-7.78
8723.15,32.70,-36.47
8731.22,32.34,-43.56
8737.64,31.99,-54.71
8743.05,31.64,-65.00
8747.97,31.29,-71.53
8753.46,30.94,-63.97
8758.17,30.59,-74.63
8761.58,30.23,-103.34
8766.38,29.88,-73.26
8770.48,29.53,-85.75
8773.76,29.18,-106.99
8777.89,28.83,-85.12
8780.99,28.48,-113.55
8784.35,28.12,-104.66
8788.10,27.77,-93.70
8790.72,27.42,-134.34
8794.00,27.07,-106.99
8797.23,26.72,-108.91
8800.05,26.37,-124.62
8803.19,26.02,-111.96
8806.25,25.66,-115.12
8808.69,25.31,-143.91
8811.54,24.96,-123.36
8813.83,24.61,-153.05
8816.37,24.26,-138.96
8819.42,23.91,-115.15
8821.90,23.55,-141.42
8824.51,23.20,-135.06
8826.70,22.85,-160.31
8829.67,22.50,-118.53
8831.96,22.15,-152.99
8834.55,21.80,-135.90
8836.60,21.45,-171.24
8838.65,21.09,-171.83
8841.12,20.74,-142.28
8843.45,20.39,-151.08
8845.80,20.04,-149.28
8847.98,19.69,-161.19
8850.21,19.34,-157.86
8852.56,18.98,-149.41
8854.66,18.63,-167.73
8856.71,18.28,-171.49
8859.19,17.93,-141.53
8860.89,17.58,-206.68
8863.21,17.23,-151.86
8865.06,16.88,-190.24
8867.37,16.52,-152.13
8869.49,16.17,-165.83
8870.93,15.82,-244.31
8873.72,15.47,-125.78
8875.55,15.12,-192.32
8877.36,14.77,-194.88
8879.48,14.41,-165.75
8881.35,14.06,-187.30
8883.30,13.71,-180.20
8885.32,13.36,-174.21
8887.40,13.01,-168.86
8889.16,12.66,-200.21
8891.18,12.30,-173.70
8892.82,11.95,-214.50
8894.82,11.60,-175.69
8896.86,11.25,-172.50
8898.64,10.90,-197.84
8900.82,10.55,-161.49
8902.77,10.20,-180.01
8904.49,9.84,-204.04
8906.08,9.49,-220.83
8908.07,9.14,-176.66
8910.06,8.79,-177.38
8911.68,8.44,-216.61
8913.68,8.09,-175.96
8915.46,7.73,-196.62
8917.30,7.38,-191.90
8919.43,7.03,-164.51
8920.96,6.68,-230.23
8922.59,6.33,-215.81
8924.54,5.98,-180.47
8926.67,5.62,-164.51
8928.42,5.27,-201.47
8929.99,4.92,-223.78
8931.89,4.57,-185.33
8933.61,4.22,-204.04
8935.48,3.87,-188.30
8937.10,3.52,-216.61
8938.93,3.16,-192.01
8940.85,2.81,-183.11
8942.95,2.46,-167.81
8944.14,2.11,-295.18
8946.23,1.76,-167.89
8947.83,1.41,-219.73
8949.62,1.05,-196.08
8951.82,0.70,-160.46
8953.15,0.35,-262.75
8954.56,0.00,-250.40
8956.73,-0.35,-161.86
8958.65,-0.70,-183.20
8960.66,-1.05,-175.17
8961.88,-1.41,-287.93
8963.94,-1.76,-170.25
8965.63,-2.11,-208.40
8967.69,-2.46,-170.25
8969.21,-2.81,-232.51
8971.21,-3.16,-175.17
8973.01,-3.52,-195.10
8974.82,-3.87,-194.99
8976.50,-4.22,-208.40
8978.32,-4.57,-193.49
8980.33,-4.92,-175.26
8982.29,-5.27,-179.09
8984.04,-5.62,-201.35
8985.81,-5.98,-198.29
8987.66,-6.33,-190.24
8989.45,-6.68,-196.73
8991.29,-7.03,-190.86
8993.39,-7.38,-166.93
8994.58,-7.73,-297.43
8996.60,-8.09,-173.78
8998.56,-8.44,-179.09
9000.55,-8.79,-177.11
9002.42,-9.14,-187.40
9004.36,-9.49,-181.12
9006.41,-9.84,-171.41
9008.29,-10.20,-187.50
9010.30,-10.55,-175.17
9012.00,-10.90,-206.68
9013.92,-11.25,-183.20
9015.92,-11.60,-175.43
9017.54,-11.95,-217.42
9019.89,-12.30,-149.28
9021.90,-12.66,-175.17
9023.97,-13.01,-169.59
9025.69,-13.36,-204.52
9027.75,-13.71,-171.16
9030.23,-14.06,-141.42
9031.93,-14.41,-206.68
9034.16,-14.77,-158.01
9036.12,-15.12,-179.09
9037.86,-15.47,-201.58
9040.03,-15.82,-162.31
9042.31,-16.17,-153.92
9044.41,-16.52,-167.97
9046.82,-16.88,-145.63
9048.86,-17.23,-172.67
9050.95,-17.58,-167.89
9053.54,-17.93,-135.84
9055.31,-18.28,-198.29
9057.80,-18.63,-141.36
9059.99,-18.98,-160.17
9062.29,-19.34,-152.99
9064.94,-19.69,-132.82
9067.10,-20.04,-162.53
9069.36,-20.39,-155.83
9071.63,-20.74,-154.94
9074.36,-21.09,-128.64
9076.69,-21.45,-151.01
9079.30,-21.80,-134.44
9082.36,-22.15,-115.15
9084.71,-22.50,-149.22
9087.05,-22.85,-150.63
9090.12,-23.20,-114.33
9092.63,-23.55,-140.18
9095.92,-23.91,-106.76
9098.23,-24.26,-152.06
9101.33,-24.61,-113.52
9104.56,-24.96,-108.91
9107.63,-25.31,-114.59
9111.23,-25.66,-97.49
9113.42,-26.02,-161.12
9117.30,-26.37,-90.59
9120.92,-26.72,-97.12
9124.67,-27.07,-93.70
9128.16,-27.42,-100.76
9132.34,-27.77,-83.95
9136.18,-28.12,-91.60
9141.07,-28.48,-71.95
9146.04,-28.83,-70.71
9151.06,-29.18,-70.07
9156.69,-29.53,-62.47
9163.75,-29.88,-49.76
9169.86,-30.23,-57.57
9178.49,-30.59,-40.71
9192.37,-30.94,-25.34
9240.52,-30.59,7.30
9250.36,-30.23,35.74
9257.97,-29.88,46.19
9264.34,-29.53,55.20
9270.18,-29.18,60.15
9275.77,-28.83,62.97
9281.44,-28.48,62.00
9285.80,-28.12,80.60
9289.99,-27.77,83.95
9294.76,-27.42,73.73
9298.36,-27.07,97.49
9302.46,-26.72,85.75
9305.38,-26.37,120.27
9309.79,-26.02,79.81
9313.19,-25.66,103.34
9316.16,-25.31,118.53
9319.82,-24.96,95.95
9323.05,-24.61,108.91
9325.80,-24.26,127.89
9328.63,-23.91,124.01
9331.86,-23.55,108.91
9334.78,-23.20,120.32
9337.85,-22.85,114.63
9340.32,-22.50,142.22
9343.01,-22.15,131.03
9345.95,-21.80,119.42
9348.61,-21.45,132.07
9351.05,-21.09,143.96
9353.37,-20.74,151.99
9356.11,-20.39,128.03
9358.82,-20.04,129.97
9360.91,-19.69,167.97
9363.66,-19.34,127.93
9365.95,-18.98,153.52
9368.61,-18.63,132.12
9370.81,-18.28,159.58
9373.04,-17.93,158.01
9375.74,-17.58,130.02
9377.92,-17.23,161.27
9380.19,-16.88,155.01
9382.28,-16.52,167.89
9384.27,-16.17,176.66
9386.65,-15.82,148.15
9389.00,-15.47,149.28
9391.40,-15.12,146.55
9393.36,-14.77,179.19
9395.28,-14.41,183.20
9397.64,-14.06,149.28
9399.56,-13.71,183.11
9401.65,-13.36,167.97
9403.92,-13.01,154.94
9405.75,-12.66,191.90
9408.37,-12.30,134.29
9409.94,-11.95,223.93
9412.12,-11.60,161.19
9414.30,-11.25,161.27
9416.44,-10.90,164.44
9418.14,-10.55,206.68
9420.62,-10.20,141.42
9422.39,-9.84,199.07
9424.55,-9.49,162.76
9426.25,-9.14,206.68
9428.22,-8.79,179.00
9429.92,-8.44,206.80
9432.40,-8.09,141.42
9434.10,-7.73,206.68
9436.26,-7.38,162.84
9438.12,-7.03,189.73
9440.18,-6.68,170.25
9442.04,-6.33,188.81
9443.96,-5.98,183.20
9446.14,-5.62,161.19
9447.71,-5.27,223.78
9449.98,-4.92,155.01
9451.86,-4.57,187.40
9453.64,-4.22,196.62
9455.74,-3.87,167.97
9457.74,-3.52,175.26
9459.58,-3.16,191.80
9461.50,-2.81,183.20
9463.59,-2.46,167.89
9465.33,-2.11,201.47
9467.24,-1.76,184.55
9469.13,-1.41,186.01
9471.44,-1.05,152.13
9473.01,-0.70,223.78
9474.93,-0.35,183.30
9477.07,0.00,164.44
9478.81,0.35,201.70
9480.92,0.70,166.62
9482.99,0.35,-169.59
9484.70,0.70,205.95
9486.75,1.05,171.41
9488.50,1.41,201.47
9490.46,1.76,179.19
9492.51,2.11,171.41
9494.41,2.46,184.64
9496.25,2.81,191.90
9498.49,3.16,157.02
9500.36,3.52,187.50
9502.32,3.87,179.00
9504.04,4.22,204.87
9506.34,4.57,153.05
9507.82,4.92,237.06
9510.22,5.27,146.55
9512.18,5.62,179.09
9514.32,5.98,164.67
9516.03,6.33,205.11
9517.63,6.68,219.73
9520.02,7.03,147.41
9522.15,7.38,164.82
9523.96,7.73,194.34
9526.07,8.09,166.38
9528.19,8.44,166.22
9530.39,8.79,159.51
9532.11,9.14,204.28
9534.60,9.49,141.30
9536.61,9.84,174.99
9538.54,10.20,181.50
9540.27,10.55,203.57
9543.06,10.90,125.96
9544.85,11.25,196.84
9547.12,11.60,154.94
9549.30,11.95,161.27
9551.44,12.30,164.20
9553.53,12.66,167.97
9555.58,13.01,171.75
9557.98,13.36,146.36
9560.39,13.71,145.70
9562.60,14.06,159.08
9564.74,14.41,164.59
9567.26,14.77,139.34
9569.71,15.12,143.44
9571.72,15.47,175.26
9574.26,15.82,138.14
9576.45,16.17,160.68
9578.66,16.52,159.66
9581.75,16.88,113.52
9584.15,17.23,146.55
9586.68,17.58,138.90
9589.21,17.93,139.01
9591.64,18.28,144.91
9594.36,18.63,129.20
9596.98,18.98,134.29
9599.88,19.34,120.94
9602.30,19.69,145.63
9605.73,20.04,102.44
9607.97,20.39,157.02
9611.11,20.74,111.93
9613.90,21.09,125.96
9617.26,21.45,104.76
9620.48,21.80,108.94
9623.91,22.15,102.68
9627.03,22.50,112.50
9629.95,22.85,120.40
9634.05,23.20,85.75
9637.89,23.55,91.60
9641.29,23.91,103.31
9644.75,24.26,101.58
9649.51,24.61,73.87
9652.98,24.96,101.31
9657.26,25.31,82.24
9662.94,25.66,61.89
9667.90,26.02,70.82
9673.57,26.37,61.99
9679.30,26.72,61.38
9686.31,27.07,50.17
9693.90,27.42,46.32
9704.09,27.77,34.50
9719.24,28.12,23.20
9770.54,27.77,-6.85
9778.61,27.42,-43.56
9785.99,27.07,-47.59
9792.72,26.72,-52.25
9797.75,26.37,-69.85
9803.64,26.02,-59.70
9808.06,25.66,-79.52
9813.24,25.31,-67.92
9817.31,24.96,-86.38
9821.88,24.61,-77.00
9825.76,24.26,-90.59
9829.64,23.91,-90.47
9833.39,23.55,-93.75
9837.62,23.20,-83.09
9841.02,22.85,-103.40
9844.17,22.50,-111.93
9847.39,22.15,-108.94
9850.90,21.80,-100.22
9854.42,21.45,-100.02
9856.95,21.09,-138.52
9860.39,20.74,-102.29
9863.40,20.39,-116.68
9865.89,20.04,-141.53
9869.14,19.69,-108.17
9872.21,19.34,-114.22
9874.66,18.98,-143.96
9877.71,18.63,-115.12
9880.88,18.28,-110.90
9883.56,17.93,-131.43
9886.00,17.58,-144.14
9888.70,17.23,-129.82
9891.67,16.88,-118.49
9893.68,16.52,-175.26
9896.60,16.17,-120.32
9899.39,15.82,-125.96
9901.32,15.47,-181.78
9904.14,15.12,-124.62
9906.50,14.77,-149.22
9908.98,14.41,-141.64
9911.65,14.06,-131.92
9913.83,13.71,-161.27
9915.92,13.36,-167.89
9918.30,13.01,-147.47
9920.72,12.66,-145.63
9922.98,12.30,-155.22
9925.51,11.95,-138.96
9927.48,11.60,-179.00
9930.01,11.25,-138.85
9931.93,10.90,-183.49
9934.46,10.55,-138.90
9936.65,10.20,-160.02
9938.34,9.84,-208.77
9941.09,9.49,-127.93
9942.89,9.14,-194.34
9945.58,8.79,-130.98
9947.59,8.44,-175.08
9949.86,8.09,-154.94
9952.14,7.73,-154.19
9954.17,7.38,-172.50
9956.40,7.03,-158.01
9958.23,6.68,-192.01
9960.50,6.33,-154.94
9962.68,5.98,-161.19
9964.95,5.62,-155.01
9966.87,5.27,-183.11
9969.19,4.92,-151.14
9971.12,4.57,-182.16
9972.93,4.22,-194.88
9975.24,3.87,-151.93
9977.42,3.52,-161.27
9979.56,3.16,-164.51
9981.43,2.81,-187.40
9983.92,2.46,-141.36
9985.97,2.11,-171.49
9987.79,1.76,-193.06
9990.04,1.41,-156.18
9991.82,1.05,-198.29
9994.00,0.70,-161.19
9996.00,0.35,-175.26
9998.24,0.00,-157.09
10000.19,-0.35,-180.38
10002.43,-0.70,-157.02
10004.47,-1.05,-172.67
10006.66,-1.41,-160.53
10008.89,-1.76,-157.65
10010.70,-2.11,-193.38
10012.84,-2.46,-164.51
10014.50,-2.81,-212.17
10017.09,-3.16,-135.42
10019.30,-3.52,-159.66
10021.21,-3.87,-183.20
10023.25,-4.22,-172.67
10025.32,-4.57,-170.25
10027.36,-4.92,-171.75
10029.72,-5.27,-149.22
10031.61,-5.62,-186.01
10033.69,-5.98,-169.10
10036.28,-6.33,-135.48
10038.04,-6.68,-200.66
10040.47,-7.03,-144.62
10042.28,-7.38,-193.70
10044.61,-7.73,-151.08
10047.16,-8.09,-138.03
10049.39,-8.44,-157.02
10051.52,-8.79,-165.60
10053.49,-9.14,-177.83
10055.88,-9.49,-147.47
10058.09,-9.84,-158.58
10060.04,-10.20,-181.03
10062.83,-10.55,-125.96
10065.07,-10.90,-156.95
10067.02,-11.25,-180.47
10069.48,-11.60,-142.74
10071.87,-11.95,-146.85
10074.21,-12.30,-150.18
10076.70,-12.66,-141.47
10078.88,-13.01,-161.19
10081.70,-13.36,-124.62
10084.14,-13.71,-143.91
10086.30,-14.06,-163.37
10089.14,-14.41,-123.40
10091.18,-14.77,-172.67
10093.89,-15.12,-129.97
10096.68,-15.47,-125.96
10099.38,-15.82,-130.02
10101.56,-16.17,-161.19
10104.47,-16.52,-120.89
10106.86,-16.88,-146.91
10109.68,-17.23,-124.93
10112.12,-17.58,-144.02
10115.05,-17.93,-120.03
10118.11,-18.28,-114.81
10121.19,-18.63,-114.07
10124.57,-18.98,-104.20
10127.02,-19.34,-143.20
10130.31,-19.69,-106.99
10133.01,-20.04,-130.16
10135.89,-20.39,-122.03
10139.69,-20.74,-92.57
10143.09,-21.09,-103.34
10146.56,-21.45,-101.26
10150.24,-21.80,-95.48
10153.47,-22.15,-108.94
10156.70,-22.50,-108.91
10161.15,-22.85,-79.02
10165.25,-23.20,-85.75
10169.52,-23.55,-82.24
10173.53,-23.91,-87.61
10178.33,-24.26,-73.27
10183.74,-24.61,-65.00
10188.28,-24.96,-77.49
10194.96,-25.31,-52.61
10200.91,-25.66,-59.14
10208.08,-26.02,-48.98
10216.24,-26.37,-43.10
10227.58,-26.72,-31.00
10287.12,-26.37,5.90
10297.67,-26.02,33.31
10305.44,-25.66,45.28
10312.68,-25.31,48.55
10319.09,-24.96,54.83
10325.04,-24.61,59.12
10329.87,-24.26,72.82
10335.36,-23.91,64.00
10339.94,-23.55,76.73
10344.00,-23.20,86.66
10348.27,-22.85,82.24
10353.07,-22.50,73.27
10356.87,-22.15,92.66
10360.40,-21.80,99.51
10364.50,-21.45,85.73
10367.73,-21.09,108.94
10371.74,-20.74,87.65
10375.05,-20.39,105.99
10378.46,-20.04,103.34
10381.34,-19.69,122.11
10384.69,-19.34,104.73
10387.79,-18.98,113.41
10391.02,-18.63,108.91
10394.33,-18.28,106.08
10397.42,-17.93,114.03
10400.09,-17.58,131.43
10402.62,-17.23,138.96
10405.71,-16.88,114.07
10408.03,-16.52,151.08
10411.32,-16.17,106.99
10413.96,-15.82,132.87
10416.84,-15.47,122.16
10419.06,-15.12,158.22
10422.51,-14.77,101.93
10424.83,-14.41,152.06
10426.83,-14.06,175.43
10429.70,-13.71,122.67
10432.32,-13.36,133.72
10435.34,-13.01,116.72
10437.76,-12.66,144.91
10440.44,-12.30,131.47
10442.66,-11.95,158.01
10444.91,-11.60,156.32
10447.40,-11.25,140.96
10449.82,-10.90,145.63
10452.34,-10.55,139.18
10454.66,-10.20,151.99
10457.14,-9.84,141.30
10459.41,-9.49,155.22
10461.68,-9.14,154.81
10464.04,-8.79,149.22
10466.66,-8.44,134.29
10469.16,-8.09,140.57
10471.41,-7.73,155.97
10473.59,-7.38,161.27
10475.87,-7.03,153.99
10478.05,-6.68,161.19
10480.55,-6.33,140.57
10482.66,-5.98,166.78
10485.37,-5.62,130.02
10487.50,-5.27,164.44
10489.77,-4.92,155.01
10492.13,-4.57,149.22
10494.22,-4.22,167.97
10496.75,-3.87,138.90
10498.76,-3.52,175.34
10501.11,-3.16,149.22
10503.24,-2.81,165.60
10505.80,-2.46,137.33
10507.79,-2.11,176.49
10510.28,-1.76,141.42
10512.48,-1.41,159.15
10514.78,-1.05,152.99
10516.73,-0.70,180.38
10519.30,-0.35,136.64
10521.35,0.00,171.58
10523.54,0.35,161.12
10525.76,0.70,158.08
10528.03,1.05,155.15
10530.73,1.41,130.02
10532.96,1.76,157.79
10535.09,2.11,164.74
10537.62,2.46,138.96
10539.65,2.81,173.61
10541.98,3.16,150.43
10544.38,3.52,146.36
10546.65,3.87,155.01
10549.01,4.22,149.28
10551.19,4.57,161.19
10553.46,4.92,154.94
10555.78,5.27,151.14
10558.61,5.62,124.62
10560.79,5.98,161.27
10563.18,6.33,146.48
10565.32,6.68,164.51
10567.76,7.03,143.91
10570.18,7.38,145.63
10572.74,7.73,137.38
10575.21,8.09,142.22
10577.60,8.44,147.04
10580.15,8.79,137.76
10582.55,9.14,146.55
10585.17,9.49,134.29
10587.18,9.84,174.47
10589.92,10.20,128.31
10592.51,10.55,135.90
10594.81,10.90,153.05
10597.66,11.25,123.36
10600.28,11.60,134.34
10602.92,11.95,132.87
10605.63,12.30,129.97
10608.42,12.66,125.92
10610.95,13.01,138.96
10613.94,13.36,117.54
10616.53,13.71,135.63
10619.15,14.06,134.34
10622.12,14.41,118.49
10625.45,14.77,105.38
10628.17,15.12,129.11
10631.10,15.47,120.15
10633.89,15.82,125.96
10637.21,16.17,106.05
10640.43,16.52,108.91
10643.75,16.88,106.02
10646.54,17.23,125.96
10650.38,17.58,91.55
10652.82,17.93,143.96
10657.62,18.28,73.27
10661.20,18.63,98.28
10664.75,18.98,99.09
10668.85,19.34,85.73
10672.69,19.69,91.60
10677.08,20.04,80.06
10681.58,20.39,78.11
10685.63,20.74,86.85
10690.86,21.09,67.16
10696.01,21.45,68.30
10701.02,21.09,-70.17
10706.83,21.45,60.54
10714.07,21.80,48.55
10720.65,22.15,53.38
10728.87,22.50,42.79
10737.88,22.85,39.00
10752.19,23.20,24.57
10805.76,22.85,-6.56
10816.36,22.50,-33.17
10825.82,22.15,-37.14
10832.41,21.80,-53.38
10839.59,21.45,-48.91
10845.28,21.09,-61.89
10851.42,20.74,-57.17
10856.23,20.39,-73.17
10861.68,20.04,-64.53
10865.69,19.69,-87.61
10869.96,19.34,-82.26
10875.37,18.98,-65.00
10879.38,18.63,-87.67
10883.22,18.28,-91.51
10887.54,17.93,-81.42
10891.29,17.58,-93.73
10895.39,17.23,-85.75
10899.14,16.88,-93.73
10902.55,16.52,-103.37
10906.26,16.17,-94.76
10909.31,15.82,-115.12
10912.80,15.47,-100.76
10915.63,15.12,-124.10
10919.37,14.77,-94.05
10922.64,14.41,-107.64
10925.54,14.06,-121.23
10928.85,13.71,-106.02
10931.99,13.36,-111.93
10935.22,13.01,-108.91
10938.10,12.66,-122.20
10941.28,12.30,-110.38
10943.77,11.95,-141.42
10946.47,11.60,-129.97
10949.48,11.25,-116.88
10952.80,10.90,-106.05
10955.55,10.55,-127.84
10958.41,10.20,-122.84
10960.91,9.84,-140.46
10963.46,9.49,-138.14
10966.37,9.14,-120.85
10969.27,8.79,-120.89
10971.97,8.44,-130.35
10974.30,8.09,-150.69
10977.07,7.73,-127.24
10980.12,7.38,-115.27
10982.85,7.03,-128.59
10984.93,6.68,-169.43
10987.39,6.33,-142.62
10990.02,5.98,-133.83
10992.60,5.62,-136.37
10994.81,5.27,-159.08
10997.77,4.92,-118.53
11000.56,4.57,-125.92
11002.70,4.22,-164.51
11005.34,3.87,-133.17
11007.63,3.52,-153.52
11010.68,3.16,-115.15
11012.67,2.81,-177.11
11015.45,2.46,-126.28
11018.10,2.11,-132.87
11020.02,1.76,-183.20
11022.94,1.41,-120.15
11025.34,1.05,-146.73
11027.96,0.70,-134.29
11030.27,0.35,-152.06
11032.82,0.00,-137.98
11035.17,-0.35,-149.47
11037.33,-0.70,-162.53
11040.20,-1.05,-122.62
11042.62,-1.41,-144.97
11045.14,-1.76,-139.56
11047.72,-2.11,-136.64
11049.46,-2.46,-201.82
11052.62,-2.81,-111.29
11054.97,-3.16,-149.28
11057.01,-3.52,-172.76
11059.80,-3.87,-125.92
11062.33,-4.22,-138.96
11065.15,-4.57,-124.62
11067.22,-4.92,-170.25
11070.23,-5.27,-116.80
11072.49,-5.62,-155.15
11075.05,-5.98,-137.65
11077.51,-6.33,-142.62
11080.48,-6.68,-118.53
11082.94,-7.03,-142.85
11085.18,-7.38,-156.46
11088.24,-7.73,-115.00
11090.95,-8.09,-130.02
11093.28,-8.44,-150.63
11096.09,-8.79,-124.98
11098.68,-9.14,-135.84
11101.85,-9.49,-110.90
11104.21,-9.84,-149.22
11107.04,-10.20,-124.01
11109.82,-10.55,-126.55
11112.67,-10.90,-123.36
11115.33,-11.25,-132.17
11118.14,-11.60,-124.98
11120.91,-11.95,-126.92
11124.01,-12.30,-113.48
11127.04,-12.66,-116.22
11130.12,-13.01,-114.07
11133.26,-13.36,-111.93
11135.86,-13.71,-135.27
11139.32,-14.06,-101.58
11141.98,-14.41,-131.97
11145.56,-14.77,-98.28
11149.00,-15.12,-102.08
11152.02,-15.47,-116.68
11155.68,-15.82,-95.98
11159.00,-16.17,-106.02
11162.83,-16.52,-91.60
11166.24,-16.88,-103.31
11169.64,-17.23,-103.34
11172.69,-17.58,-115.08
11177.05,-17.93,-80.63
11180.87,-18.28,-92.10
11185.43,-18.63,-77.11
11189.71,-18.98,-82.24
11193.76,-19.34,-86.68
11197.73,-19.69,-88.58
11202.96,-20.04,-67.16
11208.61,-20.39,-62.23
11213.08,-20.74,-78.63
11218.67,-21.09,-62.97
11225.47,-21.45,-51.66
11231.36,-21.80,-59.70
11237.42,-22.15,-57.99
11247.20,-22.50,-35.98
11257.43,-22.85,-34.35
11276.07,-23.20,-18.86
11331.38,-22.85,6.36
11340.98,-22.50,36.64
11349.53,-22.15,41.11
11357.53,-21.80,43.92
11363.83,-21.45,55.79
11370.55,-21.09,52.33
11376.22,-20.74,62.00
11380.64,-20.39,79.63
11386.69,-20.04,58.06
11391.49,-19.69,73.27
11395.91,-19.34,79.54
11401.14,-18.98,67.18
11404.21,-18.63,114.55
11409.14,-18.28,71.33
11413.30,-17.93,84.55
11417.36,-17.58,86.66
11421.33,-17.23,88.58
11425.10,-16.88,93.10
11428.57,-16.52,101.46
11432.10,-16.17,99.56
11435.67,-15.82,98.31
11438.68,-15.47,116.72
11442.43,-15.12,93.78
11445.37,-14.77,119.62
11449.04,-14.41,95.92
11452.64,-14.06,97.52
11455.52,-13.71,122.11
11458.70,-13.36,110.52
11461.98,-13.01,107.35
11464.99,-12.66,116.84
11467.54,-12.30,137.76
11470.88,-11.95,105.38
11473.58,-11.60,129.97
11476.98,-11.25,103.34
11480.12,-10.90,111.96
11482.91,-10.55,125.92
11485.66,-10.20,127.93
11488.76,-9.84,113.52
11491.46,-9.49,129.97
11494.40,-9.14,119.74
11497.02,-8.79,134.34
11500.27,-8.44,107.94
11503.07,-8.09,125.92
11506.03,-7.73,118.53
11508.91,-7.38,122.07
11511.27,-7.03,149.28
11514.15,-6.68,122.11
11517.13,-6.33,117.97
11519.59,-5.98,142.74
11522.52,-5.62,119.91
11525.23,-5.27,129.97
11527.78,-4.92,137.81
11530.24,-4.57,142.80
11533.73,-4.22,100.71
11535.91,-3.87,161.34
11539.09,-3.52,110.35
11541.68,-3.16,135.79
11544.20,-2.81,139.79
11546.86,-2.46,132.12
11549.39,-2.11,138.96
11552.49,-1.76,113.59
11555.50,-1.41,116.76
11557.72,-1.05,158.01
11560.56,-0.70,124.01
11563.43,-0.35,122.11
11566.09,0.00,132.27
11568.88,0.35,125.92
11571.59,0.70,129.97
11574.51,1.05,120.23
11577.57,1.41,115.15
11580.13,1.76,137.38
11582.06,2.11,181.97
11585.59,2.46,99.42
11587.95,2.81,149.28
11591.09,3.16,111.93
11594.06,3.52,118.53
11596.50,3.87,143.91
11599.46,4.22,118.53
11602.34,4.57,122.11
11605.22,4.92,122.07
11608.36,5.27,111.96
11611.42,5.62,115.12
11614.38,5.98,118.53
11616.74,6.33,149.28
11620.58,6.68,91.58
11622.94,7.03,148.90
11626.34,7.38,103.49
11629.30,7.73,118.53
11632.51,8.09,109.62
11635.37,8.44,123.10
11638.82,8.79,101.67
11641.95,9.14,112.39
11645.18,9.49,108.88
11648.54,9.84,104.69
11651.90,10.20,104.66
11655.21,10.55,106.05
11658.26,10.90,115.15
11661.49,11.25,108.91
11665.68,11.60,83.95
11668.95,11.95,107.54
11672.66,12.30,94.76
11677.08,12.66,79.56
11681.06,13.01,88.22
11685.22,13.36,84.55
11689.10,13.71,90.56
11693.07,14.06,88.58
11697.43,14.41,80.60
11702.54,14.77,68.89
11706.97,15.12,79.40
11712.16,15.47,67.67
11717.15,15.82,70.45
11722.91,16.17,61.06
11729.06,16.52,57.16
11735.03,16.88,58.84
11741.75,17.23,52.34
11749.34,17.58,46.31
11757.98,17.93,40.70
11769.10,18.28,31.62
11781.01,18.63,29.52
11846.61,18.28,-5.36
11858.42,17.93,-29.78
11867.94,17.58,-36.91
11875.88,17.23,-44.29
11882.47,16.88,-53.36
11889.95,16.52,-46.99
11896.02,16.17,-57.92
11901.49,15.82,-64.31
11906.27,15.47,-73.46
11911.69,15.12,-64.85
11917.71,14.77,-58.40
11922.25,14.41,-77.50
11927.49,14.06,-67.16
11931.19,13.71,-94.89
11936.03,13.36,-72.58
11940.48,13.01,-79.04
11944.41,12.66,-89.52
11947.99,12.30,-98.28
11952.74,11.95,-73.95
11956.10,11.60,-104.66
11960.63,11.25,-77.50
11964.02,10.90,-103.98
11967.93,10.55,-89.73
11971.71,10.20,-92.98
11975.33,9.84,-97.20
11978.73,9.49,-103.34
11982.62,9.14,-90.49
11985.58,8.79,-118.61
11989.16,8.44,-98.23
11992.43,8.09,-107.54
11995.97,7.73,-99.42
11999.76,7.38,-92.66
12002.68,7.03,-120.32
12006.07,6.68,-103.83
12009.59,6.33,-99.96
12012.34,5.98,-127.70
12015.33,5.62,-117.42
12018.91,5.27,-98.28
12022.11,4.92,-109.90
12025.37,4.57,-107.94
12028.51,4.22,-111.93
12031.08,3.87,-136.79
12034.76,3.52,-95.48
12037.66,3.16,-121.02
12041.24,2.81,-98.23
12043.34,2.46,-167.89
12047.35,2.11,-87.61
12049.75,1.76,-146.48
12053.11,1.41,-104.69
12056.25,1.05,-111.93
12058.87,0.70,-134.34
12061.89,0.35,-116.26
12065.63,0.00,-94.08
12068.03,-0.35,-146.55
12071.14,-0.70,-112.97
12073.96,-1.05,-124.67
12076.92,-1.41,-118.53
12080.12,-1.76,-109.90
12083.21,-2.11,-114.03
12086.12,-2.46,-120.44
12089.66,-2.81,-99.40
12092.38,-3.16,-129.44
12095.37,-3.52,-117.38
12098.71,-3.87,-105.51
12101.49,-4.22,-126.14
12104.67,-4.57,-110.76
12107.89,-4.92,-108.88
12111.33,-5.27,-102.29
12113.80,-5.62,-142.16
12117.49,-5.98,-95.38
12120.72,-6.33,-108.91
12124.17,-6.68,-101.99
12127.26,-7.03,-113.55
12130.18,-7.38,-120.40
12133.32,-7.73,-111.93
12137.21,-8.09,-90.49
12139.91,-8.44,-130.02
12143.72,-8.79,-92.27
12147.15,-9.14,-102.47
12150.56,-9.49,-103.31
12153.98,-9.84,-102.65
12157.45,-10.20,-101.40
12160.94,-10.55,-100.76
12165.13,-10.90,-83.93
12168.44,-11.25,-106.05
12173.15,-11.60,-74.63
12176.47,-11.95,-106.05
12179.87,-12.30,-103.34
12184.50,-12.66,-75.83
12188.51,-13.01,-87.87
12192.43,-13.36,-89.57
12196.40,-13.71,-88.64
12200.72,-14.06,-81.34
12206.26,-14.41,-63.44
12210.75,-14.77,-78.28
12215.59,-15.12,-72.62
12220.87,-15.47,-66.61
12226.02,-15.82,-68.29
12231.29,-16.17,-66.63
12237.23,-16.52,-59.25
12243.88,-16.88,-52.85
12250.75,-17.23,-51.17
12257.28,-17.58,-53.85
12264.84,-17.93,-46.50
12274.26,-18.28,-37.31
12284.73,-18.63,-33.58
12300.17,-18.98,-22.77
12358.28,-18.63,6.05
12373.02,-18.28,23.84
12381.92,-17.93,39.51
12391.34,-17.58,37.31
12399.95,-17.23,40.85
12406.69,-16.88,52.11
12413.50,-16.52,51.65
12419.78,-16.17,55.97
12424.43,-15.82,75.56
12431.04,-15.47,53.25
12436.97,-15.12,59.27
12442.29,-14.77,66.07
12447.26,-14.41,70.69
12451.93,-14.06,75.31
12456.86,-13.71,71.37
12461.66,-13.36,73.21
12465.06,-13.01,103.34
12469.86,-12.66,73.26
12474.66,-12.30,73.27
12479.11,-11.95,79.02
12483.18,-11.60,86.34
12486.43,-11.25,107.94
12491.17,-10.90,74.17
12494.90,-10.55,94.46
12498.62,-10.20,94.43
12502.97,-9.84,80.87
12505.87,-9.49,120.94
12510.38,-9.14,77.95
12514.00,-8.79,97.14
12516.79,-8.44,125.92
12521.24,-8.09,79.02
12524.56,-7.73,106.02
12527.87,-7.38,106.05
12531.49,-7.03,97.17
12534.89,-6.68,103.34
12539.08,-6.33,83.91
12541.83,-5.98,127.89
12545.72,-5.62,90.52
12548.64,-5.27,120.36
12552.65,-4.92,87.61
12556.40,-4.57,93.70
12559.02,-4.22,134.39
12563.08,-3.87,86.66
12566.26,-3.52,110.42
12569.95,-3.16,95.17
12573.10,-2.81,111.89
12576.47,-2.46,104.29
12579.78,-2.11,105.99
12582.88,-1.76,113.55
12586.89,-1.41,87.63
12589.80,-1.05,120.89
12593.45,-0.70,96.34
12597.05,-0.35,97.49
12600.55,0.00,100.71
12603.60,0.35,115.19
12607.47,0.70,90.89
12610.71,1.05,108.41
12614.07,1.41,104.69
12617.69,1.76,97.12
12621.13,2.11,102.02
12624.80,2.46,95.95
12627.85,2.81,115.15
12631.14,3.16,106.99
12635.48,3.52,80.93
12639.19,3.87,94.76
12642.50,4.22,106.08
12645.73,4.57,108.88
12649.92,4.92,83.99
12653.38,5.27,101.61
12657.42,5.62,86.98
12661.43,5.98,87.61
12665.01,6.33,98.34
12669.26,6.68,82.66
12672.77,7.03,100.13
12676.61,7.38,91.60
12681.41,7.73,73.27
12685.42,8.09,87.61
12689.43,8.44,87.61
12693.80,8.79,80.58
12698.72,9.14,71.35
12702.61,9.49,90.56
12707.06,9.84,79.00
12712.51,10.20,64.48
12717.00,10.55,78.25
12722.32,10.90,66.07
12727.64,11.25,66.06
12732.88,11.60,67.14
12739.33,11.95,54.48
12745.27,12.30,59.27
12751.90,12.66,53.02
12758.74,13.01,51.35
12766.16,13.36,47.41
12775.06,13.71,39.51
12784.96,14.06,35.50
12796.87,14.41,29.52
12814.88,14.77,19.52
12878.61,14.41,-5.52
12893.48,14.06,-23.63
12902.73,13.71,-38.01
12912.67,13.36,-35.36
12920.96,13.01,-42.42
12928.20,12.66,-48.55
12935.18,12.30,-50.37
12942.20,11.95,-50.07
12949.29,11.60,-49.64
12955.19,11.25,-59.57
12961.18,10.90,-58.70
12965.97,10.55,-73.26
12971.78,10.20,-60.60
12976.36,9.84,-76.78
12981.24,9.49,-71.97
12986.82,9.14,-62.97
12991.50,8.79,-75.14
12996.42,8.44,-71.51
13001.08,8.09,-75.33
13005.46,7.73,-80.32
13010.38,7.38,-71.51
13014.10,7.03,-94.48
13019.45,6.68,-65.71
13022.72,6.33,-107.48
13027.30,5.98,-76.76
13031.53,5.62,-83.07
13036.11,5.27,-76.78
13039.32,4.92,-109.66
13044.22,4.57,-71.63
13048.33,4.22,-85.75
13052.34,3.87,-87.58
13056.09,3.52,-93.75
13060.28,3.16,-83.97
13063.68,2.81,-103.31
13067.75,2.46,-86.36
13072.32,2.11,-77.01
13075.89,1.76,-98.31
13079.51,1.41,-97.06
13083.74,1.05,-83.11
13087.12,0.70,-104.23
13091.07,0.35,-88.89
13095.08,0.00,-87.61
13099.10,-0.35,-87.63
13103.08,-0.70,-88.24
13106.79,-1.05,-94.63
13110.17,-1.41,-104.01
13114.22,-1.76,-86.98
13118.11,-2.11,-90.21
13122.13,-2.46,-87.63
13126.05,-2.81,-89.55
13129.96,-3.16,-90.01
13133.95,-3.52,-88.18
13137.66,-3.87,-94.76
13141.38,-4.22,-94.43
13145.51,-4.57,-85.17
13149.80,-4.92,-81.82
13153.27,-5.27,-101.37
13157.72,-5.62,-79.02
13161.60,-5.98,-90.56
13166.27,-6.33,-75.30
13169.93,-6.68,-95.98
13174.91,-7.03,-70.72
13179.36,-7.38,-79.00
13183.52,-7.73,-84.41
13188.43,-8.09,-71.63
13192.51,-8.44,-86.13
13197.63,-8.79,-68.66
13201.86,-9.14,-83.07
13207.10,-9.49,-67.17
13211.89,-9.84,-73.27
13217.04,-10.20,-68.30
13222.36,-10.55,-66.06
13227.64,-10.90,-66.61
13233.77,-11.25,-57.37
13239.46,-11.60,-61.76
13245.48,-11.95,-58.40
13251.41,-12.30,-59.27
13258.26,-12.66,-51.35
13266.59,-13.01,-42.19
13273.40,-13.36,-51.67
13282.82,-13.71,-37.31
13292.07,-14.06,-38.02
13302.79,-14.41,-32.76
13317.71,-14.77,-23.56
13343.54,-15.12,-13.61
13401.12,-14.77,6.11
13414.35,-14.41,26.57
13424.32,-14.06,35.25
13434.09,-13.71,35.98
13441.94,-13.36,44.78
13450.84,-13.01,39.50
13458.21,-12.66,47.70
13464.41,-12.30,56.76
13470.99,-11.95,53.38
13477.97,-11.60,50.38
13483.29,-11.25,66.06
13490.19,-10.90,51.00
13495.42,-10.55,67.17
13501.70,-10.20,55.97
13506.06,-9.84,80.60
13512.82,-9.49,52.01
13517.75,-9.14,71.31
13522.25,-8.79,78.25
13527.66,-8.44,64.98
13531.89,-8.09,83.09
13537.03,-7.73,68.30
13542.38,-7.38,65.71
13546.93,-7.03,77.23
13551.56,-6.68,76.01
13556.14,-6.33,76.78
13560.85,-5.98,74.64
13565.04,-5.62,83.93
13569.84,-5.27,73.27
13574.29,-4.92,79.02
13579.00,-4.57,74.63
13583.71,-4.22,74.63
13587.35,-3.87,96.50
13592.08,-3.52,74.29
13596.62,-3.16,77.49
13600.98,-2.81,80.62
13605.74,-3.16,-73.84
13610.12,-2.81,80.21
13614.85,-2.46,74.36
13618.87,-2.11,87.61
13623.40,-1.76,77.50
13628.03,-1.41,76.03
13632.36,-1.05,81.12
13636.99,-0.70,75.93
13641.02,-0.35,87.13
13644.90,0.00,90.61
13650.71,0.35,60.57
13655.42,0.70,74.63
13659.87,1.05,79.02
13664.62,1.41,73.94
13669.00,1.76,80.34
13673.83,2.11,72.85
13679.15,2.46,66.07
13684.36,2.81,67.37
13688.87,3.16,77.95
13693.41,3.52,77.50
13699.53,3.87,57.44
13704.45,4.22,71.54
13709.05,4.57,76.38
13716.09,4.92,49.92
13720.76,5.27,75.30
13727.57,5.62,51.65
13733.50,5.98,59.26
13739.52,6.33,58.42
13746.15,6.68,53.03
13753.04,7.03,51.00
13759.06,7.38,58.42
13768.83,7.73,35.98
13777.64,8.09,39.90
13787.15,8.44,36.97
13796.48,8.79,37.66
13808.17,9.14,30.07
13825.10,9.49,20.77
13846.91,9.84,16.12
13920.50,9.49,-4.78
13932.76,9.14,-28.67
13944.79,8.79,-29.21
13954.60,8.44,-35.83
13963.68,8.09,-38.74
13972.71,7.73,-38.94
13979.60,7.38,-50.97
13987.69,7.03,-43.49
13994.34,6.68,-52.85
14002.01,6.33,-45.80
14009.17,5.98,-49.15
14014.84,5.62,-61.99
14020.69,5.27,-60.13
14027.75,4.92,-49.76
14033.74,4.57,-58.69
14039.48,4.22,-61.23
14044.76,3.87,-66.60
14051.74,3.52,-50.37
14056.45,3.16,-74.64
14062.69,2.81,-56.36
14067.27,2.46,-76.76
14072.85,2.11,-62.97
14078.17,1.76,-66.05
14083.76,1.41,-62.99
14089.60,1.05,-60.15
14094.14,0.70,-77.52
14099.15,0.35,-70.09
14105.04,0.00,-59.71
14109.29,-0.35,-82.82
14114.96,-0.70,-62.00
14119.87,-1.05,-71.54
14125.30,-1.41,-64.76
14130.51,-1.76,-67.45
14134.78,-2.11,-82.26
14139.58,-2.46,-73.29
14145.82,-2.81,-56.34
14151.01,-3.16,-67.74
14155.72,-3.52,-74.66
14161.22,-3.87,-63.97
14166.92,-4.22,-61.67
14171.86,-4.57,-71.12
14176.86,-4.92,-70.30
14182.72,-5.27,-60.00
14188.75,-5.62,-58.26
14194.28,-5.98,-63.63
14199.31,-6.33,-69.88
14206.10,-6.68,-51.78
14211.70,-7.03,-62.80
14216.96,-7.38,-66.80
14223.85,-7.73,-51.01
14230.70,-8.09,-51.34
14236.55,-8.44,-60.15
14242.78,-8.79,-56.36
14251.07,-9.14,-42.42
14258.01,-9.49,-50.69
14266.47,-9.84,-41.54
14274.19,-10.20,-45.54
14284.48,-10.55,-34.16
14292.60,-10.90,-43.32
14304.02,-11.25,-30.77
14318.33,-11.60,-24.57
14335.37,-11.95,-20.63
14360.37,-12.30,-14.06
14435.74,-11.95,4.66
14448.83,-11.60,26.87
14462.26,-11.25,26.17
14473.34,-10.90,31.73
14483.07,-10.55,36.15
14493.45,-10.20,33.87
14502.39,-9.84,39.32
14510.24,-9.49,44.77
14518.01,-9.14,45.28
14526.03,-8.79,43.81
14532.84,-8.44,51.66
14541.38,-8.09,41.13
14547.45,-7.73,57.98
14554.64,-7.38,48.86
14561.10,-7.03,54.46
14568.34,-6.68,48.55
14575.03,-6.33,52.57
14581.34,-5.98,55.72
14587.05,-5.62,61.53
14593.29,-5.27,56.36
14600.03,-4.92,52.17
14605.22,-4.57,67.74
14612.22,-4.22,50.22
14618.33,-3.87,57.58
14624.21,-3.52,59.71
14630.45,-3.16,56.36
14636.65,-2.81,56.76
14642.32,-2.46,62.00
14647.82,-2.11,63.94
14654.79,-1.76,50.39
14660.99,-1.41,56.77
14667.53,-1.05,53.73
14673.90,-0.70,55.21
14679.39,-0.35,63.97
14686.20,0.00,51.66
14693.07,0.35,51.17
14699.63,0.70,53.55
14706.44,1.05,51.66
14713.46,1.41,50.07
14719.65,1.76,56.77
14727.38,2.11,45.52
14734.93,2.46,46.51
14742.35,2.81,47.41
14750.23,3.16,44.61
14759.74,3.52,36.98
14768.18,3.87,41.65
14776.40,4.22,42.76
14787.83,4.57,30.76
14798.43,4.92,33.17
14809.29,5.27,32.37
14826.74,5.62,20.15
14843.31,5.98,21.21
14885.45,6.33,8.34
14947.56,5.98,-5.66
14964.31,5.62,-20.99
14979.84,5.27,-22.64
14991.61,4.92,-29.85
15004.09,4.57,-28.18
15014.53,4.22,-33.68
15024.30,3.87,-35.98
15033.57,3.52,-37.90
15042.54,3.16,-39.22
15051.79,2.81,-38.00
15059.22,2.46,-47.30
15068.64,2.11,-37.31
15075.10,1.76,-54.46
15084.75,1.41,-36.41
15091.06,1.05,-55.72
15099.18,0.70,-43.33
15106.77,0.35,-46.33
15115.52,0.00,-40.16
15120.64,-0.35,-68.70
15130.06,-0.70,-37.31
15136.60,-1.05,-53.73
15145.63,-1.41,-38.94
15152.04,-1.76,-54.83
15159.08,-2.11,-49.96
15166.52,-2.46,-47.22
15173.76,-2.81,-48.56
15181.93,-3.16,-43.03
15189.12,-3.52,-48.94
15197.05,-3.87,-44.29
15204.79,-4.22,-45.45
15213.37,-4.57,-40.98
15221.92,-4.92,-41.12
15230.64,-5.27,-40.30
15238.90,-5.62,-42.57
15248.70,-5.98,-35.88
15256.99,-6.33,-42.42
15267.02,-6.68,-35.04
15277.87,-7.03,-32.41
15290.83,-7.38,-27.11
15303.40,-7.73,-27.99
15318.12,-8.09,-23.88
15333.93,-8.44,-22.23
15359.49,-8.79,-13.76
15454.57,-8.44,3.70
15477.40,-8.09,15.40
15495.14,-7.73,19.82
15508.05,-7.38,27.23
15522.94,-7.03,23.61
15534.83,-6.68,29.56
15545.83,-6.33,31.98
15557.83,-5.98,29.27
15567.55,-5.62,36.20
15578.63,-5.27,31.73
15587.96,-4.92,37.66
15598.65,-4.57,32.90
15609.31,-4.22,32.99
15618.28,-3.87,39.19
15627.57,-3.52,37.84
15636.82,-3.16,38.02
15645.54,-2.81,40.29
15656.10,-2.46,33.30
15663.25,-2.11,49.15
15673.98,-1.76,32.76
15684.29,-1.41,34.09
15693.61,-1.05,37.73
15703.47,-0.70,35.66
15713.59,-0.35,34.74
15723.85,0.00,34.25
15734.67,0.35,32.50
15745.69,0.70,31.90
15756.64,1.05,32.11
15767.42,1.41,32.63
15783.12,1.76,22.39
15795.33,2.11,28.78
15813.04,2.46,19.85
15828.22,2.81,23.16
15857.62,3.16,11.96
15974.22,2.81,-3.02
15995.50,2.46,-16.52
16017.62,2.11,-15.90
16034.28,1.76,-21.10
16049.89,1.41,-22.51
16065.16,1.05,-23.03
16079.03,0.70,-25.35
16092.99,0.35,-25.19
16107.09,0.00,-24.93
16118.29,-0.35,-31.40
16131.72,-0.70,-26.17
16143.30,-1.05,-30.36
16157.46,-1.41,-24.84
16169.50,-1.76,-29.20
16181.99,-2.11,-28.13
16195.84,-2.46,-25.38
16208.05,-2.81,-28.78
16222.36,-3.16,-24.57
16234.73,-3.52,-28.43
16250.19,-3.87,-22.74
16265.98,-4.22,-22.26
16281.42,-4.57,-22.77
16301.14,-4.92,-17.83
16323.21,-5.27,-15.93
16350.42,-5.62,-12.92
16498.73,-5.27,2.37
16525.68,-4.92,13.04
16548.39,-4.57,15.48
16570.61,-4.22,15.82
16590.50,-3.87,17.68
16610.03,-3.52,18.01
16629.67,-3.16,17.90
16648.29,-2.81,18.88
16665.09,-2.46,20.94
16685.76,-2.11,17.00
16705.56,-1.76,17.75
16725.76,-1.41,17.41
16745.50,-1.05,17.81
16768.99,-0.70,14.97
16794.72,-0.35,13.66
16824.09,0.00,11.97
16868.18,0.35,7.97
17030.44,0.00,-2.17
17067.73,-0.35,-9.43
17098.65,-0.70,-11.37
17133.23,-1.05,-10.17
17166.74,-1.41,-10.49
17205.51,-1.76,-9.07
17250.99,-2.11,-7.73
17310.81,-2.46,-5.88
17521.66,-2.11,1.67
17599.79,-1.76,4.50
17723.17,-1.41,2.85
