theta_b,dtheta_b,dtheta_w,B_P,B_D,W_D,time
0.99,0.61,54.90,0.00,0.00,0.00,3519
1.21,0.61,48.80,0.00,0.00,0.00,3529
1.44,0.61,48.80,0.00,0.00,0.00,3539
1.66,0.61,45.75,0.00,0.00,0.00,3549
1.88,0.61,67.10,0.00,0.00,0.00,3559
2.09,0.61,67.10,0.00,0.00,0.00,3569
2.31,0.61,42.70,0.00,0.00,0.00,3579
2.53,0.61,48.80,0.00,0.00,0.00,3589
2.74,0.61,48.80,0.00,0.00,0.00,3599
2.95,0.61,67.10,0.00,0.00,0.00,3609
3.16,0.61,42.70,0.00,0.00,0.00,3619
3.38,0.61,42.70,0.00,0.00,0.00,3629
3.58,0.61,51.85,0.00,0.00,0.00,3639
3.79,0.61,48.80,0.00,0.00,0.00,3649
4.00,0.61,48.80,0.00,0.00,0.00,3659
4.20,0.49,15.25,0.00,0.00,0.00,3669
4.41,0.61,51.85,0.00,0.00,0.00,3679
4.61,0.67,51.85,0.00,0.00,0.00,3689
4.81,0.61,54.90,0.00,0.00,0.00,3699
5.01,0.61,54.90,0.00,0.00,0.00,3709
5.21,0.61,54.90,0.00,0.00,0.00,3719
5.41,0.61,54.90,0.00,0.00,0.00,3728
5.60,0.61,67.10,0.00,0.00,0.00,3738
5.80,0.61,67.10,0.00,0.00,0.00,3748
5.99,0.61,70.15,0.00,0.00,0.00,3756
6.18,0.61,51.85,0.00,0.00,0.00,3764
6.37,0.61,51.85,0.00,0.00,0.00,3772
6.56,0.61,61.00,0.00,0.00,0.00,3780
6.75,0.61,70.15,0.00,0.00,0.00,3788
6.94,0.61,70.15,0.00,0.00,0.00,3796
7.12,0.61,48.80,0.00,0.00,0.00,3804
7.31,0.61,45.75,0.00,0.00,0.00,3812
7.49,0.61,45.75,0.00,0.00,0.00,3820
7.67,0.49,64.05,0.00,0.00,0.00,3828
7.85,0.61,51.85,0.00,0.00,0.00,3837
8.03,0.61,51.85,0.00,0.00,0.00,3847
8.21,0.61,57.95,0.00,0.00,0.00,3857
8.39,0.61,45.75,0.00,0.00,0.00,3867
8.56,0.61,45.75,0.00,0.00,0.00,3877
8.74,0.67,61.00,0.00,0.00,0.00,3887
8.91,0.61,45.75,0.00,0.00,0.00,3897
9.09,0.61,45.75,0.00,0.00,0.00,3907
9.26,0.61,51.85,0.00,0.00,0.00,3917
9.43,0.61,57.95,0.00,0.00,0.00,3927
9.60,0.61,57.95,0.00,0.00,0.00,3937
9.77,0.61,54.90,0.00,0.00,0.00,3947
9.93,0.61,51.85,0.00,0.00,0.00,3957
10.10,0.61,51.85,0.00,0.00,0.00,3967
10.26,0.61,42.70,0.00,0.00,0.00,3977
10.43,0.61,48.80,0.00,0.00,0.00,3987
10.59,0.61,48.80,0.00,0.00,0.00,3997
10.75,0.67,48.80,0.00,0.00,0.00,4007
10.92,0.61,54.90,0.00,0.00,0.00,4017
11.08,0.61,54.90,0.00,0.00,0.00,4027
11.23,0.61,57.95,0.00,0.00,0.00,4037
11.39,0.61,51.85,0.00,0.00,0.00,4047
11.55,0.49,51.85,0.00,0.00,0.00,4057
11.70,0.61,70.15,0.00,0.00,0.00,4067
11.86,0.67,57.95,0.00,0.00,0.00,4077
12.01,0.61,57.95,0.00,0.00,0.00,4086
12.16,0.61,51.85,0.00,0.00,0.00,4094
12.31,0.49,48.80,0.00,0.00,0.00,4102
12.46,0.49,48.80,0.00,0.00,0.00,4110
12.61,0.61,39.65,0.00,0.00,0.00,4118
12.76,0.61,48.80,0.00,0.00,0.00,4126
12.91,0.67,48.80,0.00,0.00,0.00,4134
13.05,0.61,45.75,0.00,0.00,0.00,4142
13.20,0.61,45.75,0.00,0.00,0.00,4150
13.34,0.61,45.75,0.00,0.00,0.00,4158
13.48,0.61,51.85,0.00,0.00,0.00,4166
13.62,0.67,51.85,0.00,0.00,0.00,4174
13.77,0.61,51.85,0.00,0.00,0.00,4184
13.91,0.61,51.85,0.00,0.00,0.00,4194
14.04,0.43,48.80,0.00,0.00,0.00,4204
14.18,0.61,48.80,0.00,0.00,0.00,4214
14.32,0.67,39.65,0.00,0.00,0.00,4224
14.46,0.61,64.05,0.00,0.00,0.00,4234
14.59,0.61,64.05,0.00,0.00,0.00,4244
14.72,0.49,57.95,0.00,0.00,0.00,4254
14.85,0.61,51.85,0.00,0.00,0.00,4264
14.99,0.61,51.85,0.00,0.00,0.00,4274
15.12,0.61,45.75,0.00,0.00,0.00,4284
15.25,0.67,70.15,0.00,0.00,0.00,4294
15.38,0.61,70.15,0.00,0.00,0.00,4304
15.51,0.61,54.90,0.00,0.00,0.00,4314
15.63,0.49,57.95,0.00,0.00,0.00,4324
15.76,0.49,57.95,0.00,0.00,0.00,4334
15.88,0.61,67.10,0.00,0.00,0.00,4344
16.01,0.61,45.75,0.00,0.00,0.00,4354
16.14,0.67,45.75,0.00,0.00,0.00,4364
16.26,0.67,48.80,0.00,0.00,0.00,4374
16.38,0.61,51.85,0.00,0.00,0.00,4384
16.50,0.61,51.85,0.00,0.00,0.00,4394
16.63,0.61,42.70,0.00,0.00,0.00,4404
16.75,0.61,54.90,0.00,0.00,0.00,4414
16.86,0.49,54.90,0.00,0.00,0.00,4424
16.98,0.49,54.90,0.00,0.00,0.00,4434
17.10,0.49,51.85,0.00,0.00,0.00,4443
17.21,0.61,51.85,0.00,0.00,0.00,4451
17.33,0.61,45.75,0.00,0.00,0.00,4459
17.44,0.61,42.70,0.00,0.00,0.00,4467
17.56,0.61,42.70,0.00,0.00,0.00,4475
17.67,0.61,45.75,0.00,0.00,0.00,4483
17.78,0.61,51.85,0.00,0.00,0.00,4491
17.89,0.61,51.85,0.00,0.00,0.00,4499
18.00,0.61,61.00,0.00,0.00,0.00,4507
18.11,0.61,45.75,0.00,0.00,0.00,4515
18.22,0.61,45.75,0.00,0.00,0.00,4523
18.33,0.49,57.95,0.00,0.00,0.00,4532
18.44,0.61,48.80,0.00,0.00,0.00,4542
18.54,0.61,48.80,0.00,0.00,0.00,4552
18.65,0.61,54.90,0.00,0.00,0.00,4562
18.75,0.61,70.15,0.00,0.00,0.00,4572
18.86,0.61,70.15,0.00,0.00,0.00,4582
18.96,0.49,48.80,0.00,0.00,0.00,4592
19.07,0.61,39.65,0.00,0.00,0.00,4602
19.17,0.61,39.65,0.00,0.00,0.00,4612
19.27,0.61,51.85,0.00,0.00,0.00,4622
19.37,0.49,54.90,0.00,0.00,0.00,4632
19.47,0.61,54.90,0.00,0.00,0.00,4642
19.57,0.49,54.90,0.00,0.00,0.00,4652
19.67,0.61,51.85,0.00,0.00,0.00,4662
19.77,0.61,51.85,0.00,0.00,0.00,4672
19.86,0.61,48.80,0.00,0.00,0.00,4682
19.96,0.61,36.60,0.00,0.00,0.00,4692
20.06,0.67,36.60,0.00,0.00,0.00,4702
20.15,0.61,64.05,0.00,0.00,0.00,4712
20.25,0.61,48.80,0.00,0.00,0.00,4722
20.34,0.61,48.80,0.00,0.00,0.00,4732
20.43,0.61,51.85,0.00,0.00,0.00,4742
20.53,0.61,45.75,0.00,0.00,0.00,4752
20.62,0.61,45.75,0.00,0.00,0.00,4762
20.71,0.61,45.75,0.00,0.00,0.00,4772
20.80,0.61,51.85,0.00,0.00,0.00,4782
20.89,0.61,51.85,0.00,0.00,0.00,4792
20.98,0.61,54.90,0.00,0.00,0.00,4802
21.07,0.61,79.30,0.00,0.00,0.00,4812
21.16,0.61,79.30,0.00,0.00,0.00,4822
21.25,0.61,54.90,0.00,0.00,0.00,4832
21.33,0.61,51.85,0.00,0.00,0.00,4840
21.42,0.61,51.85,0.00,0.00,0.00,4848
21.51,0.61,54.90,0.00,0.00,0.00,4856
21.59,0.61,57.95,0.00,0.00,0.00,4864
21.68,0.61,57.95,0.00,0.00,0.00,4872
21.76,0.61,54.90,0.00,0.00,0.00,4880
21.85,0.61,51.85,0.00,0.00,0.00,4888
21.93,0.61,51.85,0.00,0.00,0.00,4896
22.01,0.61,48.80,0.00,0.00,0.00,4904
22.09,0.61,57.95,0.00,0.00,0.00,4912
22.17,0.61,57.95,0.00,0.00,0.00,4920
22.25,0.61,54.90,0.00,0.00,0.00,4928
22.33,0.61,45.75,0.00,0.00,0.00,4936
22.41,0.61,45.75,0.00,0.00,0.00,4946
22.49,0.61,48.80,0.00,0.00,0.00,4956
22.57,0.61,45.75,0.00,0.00,0.00,4966
22.64,0.67,45.75,0.00,0.00,0.00,4976
22.72,0.61,54.90,0.00,0.00,0.00,4986
22.80,0.61,45.75,0.00,0.00,0.00,4996
22.88,0.61,45.75,0.00,0.00,0.00,5006
22.95,0.61,48.80,0.00,0.00,0.00,5016
23.03,0.61,54.90,0.00,0.00,0.00,5026
23.10,0.61,54.90,0.00,0.00,0.00,5036
23.18,0.61,45.75,0.00,0.00,0.00,5046
23.25,0.61,48.80,0.00,0.00,0.00,5056
23.32,0.61,48.80,0.00,0.00,0.00,5066
23.39,0.61,45.75,0.00,0.00,0.00,5076
23.46,0.61,51.85,0.00,0.00,0.00,5086
23.53,0.61,51.85,0.00,0.00,0.00,5096
23.61,0.61,54.90,0.00,0.00,0.00,5106
23.68,0.61,45.75,0.00,0.00,0.00,5116
23.75,0.61,45.75,0.00,0.00,0.00,5126
23.81,0.61,54.90,0.00,0.00,0.00,5136
23.88,0.61,42.70,0.00,0.00,0.00,5146
23.95,0.61,42.70,0.00,0.00,0.00,5155
24.02,0.61,51.85,0.00,0.00,0.00,5165
24.09,0.61,57.95,0.00,0.00,0.00,5175
24.15,0.61,57.95,0.00,0.00,0.00,5185
24.22,0.61,51.85,0.00,0.00,0.00,5195
24.29,0.61,48.80,0.00,0.00,0.00,5205
24.35,0.61,48.80,0.00,0.00,0.00,5215
24.42,0.49,54.90,0.00,0.00,0.00,5224
24.48,0.61,51.85,0.00,0.00,0.00,5232
24.55,0.49,51.85,0.00,0.00,0.00,5240
24.61,0.61,45.75,0.00,0.00,0.00,5248
24.67,0.61,61.00,0.00,0.00,0.00,5256
24.73,0.61,61.00,0.00,0.00,0.00,5264
24.80,0.61,51.85,0.00,0.00,0.00,5272
24.86,0.61,45.75,0.00,0.00,0.00,5280
24.92,0.49,45.75,0.00,0.00,0.00,5288
24.98,0.61,51.85,0.00,0.00,0.00,5296
25.04,0.61,33.55,0.00,0.00,0.00,5304
25.10,0.61,33.55,0.00,0.00,0.00,5312
25.16,0.61,51.85,0.00,0.00,0.00,5321
25.22,0.61,39.65,0.00,0.00,0.00,5331
25.28,0.61,39.65,0.00,0.00,0.00,5341
25.33,0.61,-134.20,0.00,0.00,0.00,5351
25.39,0.61,-530.70,0.00,0.00,0.00,5361
25.45,0.61,-530.70,0.00,0.00,0.00,5371
25.50,0.61,-677.10,0.00,0.00,0.00,5381
25.56,0.67,-945.50,0.00,0.00,0.00,5391
25.62,0.67,-945.50,0.00,0.00,0.00,5401
25.67,0.61,-1091.90,0.00,0.00,0.00,5411
25.73,0.61,-1287.10,0.00,0.00,0.00,5421
25.79,0.61,-1287.10,0.00,0.00,0.00,5431
25.84,0.61,-1515.85,0.00,0.00,0.00,5441
25.89,0.61,-1643.95,0.00,0.00,0.00,5451
25.95,0.61,-1643.95,0.00,0.00,0.00,5461
26.00,0.61,-1854.40,0.00,0.00,0.00,5471
26.05,0.61,-2046.55,0.00,0.00,0.00,5481
26.11,0.61,-2046.55,0.00,0.00,0.00,5491
26.16,0.61,-2208.20,0.00,0.00,0.00,5501
26.21,0.61,-2436.95,0.00,0.00,0.00,5511
26.26,0.67,-2436.95,0.00,0.00,0.00,5521
26.32,0.67,-2644.35,0.00,0.00,0.00,5531
26.37,0.61,-2839.55,0.00,0.00,0.00,5541
26.42,0.61,-2839.55,0.00,0.00,0.00,5551
26.47,0.61,-2995.10,0.00,0.00,0.00,5561
26.52,0.43,-3202.50,0.00,0.00,0.00,5571
26.57,0.61,-3202.50,0.00,0.00,0.00,5581
26.62,0.61,-3364.15,0.00,0.00,0.00,5591
26.66,0.61,-3559.35,0.00,0.00,0.00,5599
26.71,0.67,-3559.35,0.00,0.00,0.00,5607
26.76,0.61,-3730.15,0.00,0.00,0.00,5615
26.81,0.61,-3946.70,0.00,0.00,0.00,5623
26.86,0.49,-3946.70,0.00,0.00,0.00,5631
26.90,0.61,-4141.90,0.00,0.00,0.00,5639
26.95,0.67,-4349.30,0.00,0.00,0.00,5647
27.00,0.61,-4349.30,0.00,0.00,0.00,5655
27.04,0.61,-4529.25,0.00,0.00,0.00,5663
27.09,0.49,-4703.10,0.00,0.00,0.00,5671
27.13,0.49,-4703.10,0.00,0.00,0.00,5679
27.18,0.61,-4858.65,0.00,0.00,0.00,5687
27.22,0.61,-5102.65,0.00,0.00,0.00,5696
27.27,0.61,-5102.65,0.00,0.00,0.00,5706
27.31,0.67,-5291.75,0.00,0.00,0.00,5716
27.35,0.61,-5441.20,0.00,0.00,0.00,5726
27.40,0.61,-5441.20,0.00,0.00,0.00,5736
27.44,0.61,-5599.80,0.00,0.00,0.00,5746
27.48,0.61,-5849.90,0.00,0.00,0.00,5756
27.52,0.61,-5849.90,0.00,0.00,0.00,5766
27.56,0.61,-6020.70,0.00,0.00,0.00,5776
27.60,0.61,-6167.10,0.00,0.00,0.00,5786
27.65,0.61,-6167.10,0.00,0.00,0.00,5796
27.69,0.61,-6334.85,0.00,0.00,0.00,5806
27.73,0.61,-6591.05,0.00,0.00,0.00,5816
27.77,0.61,-6591.05,0.00,0.00,0.00,5826
27.81,0.61,-6746.60,0.00,0.00,0.00,5836
27.85,0.61,-6902.15,0.00,0.00,0.00,5846
27.89,0.61,-6902.15,0.00,0.00,0.00,5856
27.92,0.61,-7109.55,0.00,0.00,0.00,5866
27.96,0.49,-7292.55,0.00,0.00,0.00,5876
28.00,0.67,-7292.55,0.00,0.00,0.00,5886
28.04,0.61,-7435.90,0.00,0.00,0.00,5896
28.08,0.61,-7625.00,0.00,0.00,0.00,5906
28.12,0.49,-7625.00,0.00,0.00,0.00,5916
28.15,0.61,-7841.55,0.00,0.00,0.00,5926
28.19,0.61,-8039.80,0.00,0.00,0.00,5936
28.23,0.61,-8039.80,0.00,0.00,0.00,5946
28.26,0.61,-8180.10,0.00,0.00,0.00,5956
28.30,0.61,-8421.05,0.00,0.00,0.00,5966
28.34,0.61,-8421.05,0.00,0.00,0.00,5976
28.37,0.49,-8567.45,0.00,0.00,0.00,5985
28.41,0.61,-8719.95,0.00,0.00,0.00,5993
28.44,0.67,-8719.95,0.00,0.00,0.00,6001
28.48,0.67,-8954.80,0.00,0.00,0.00,6009
28.51,0.49,-9073.75,0.00,0.00,0.00,6017
28.55,0.49,-9073.75,0.00,0.00,0.00,6025
28.58,0.49,-9299.45,0.00,0.00,0.00,6033
28.62,0.61,-9506.85,0.00,0.00,0.00,6041
28.65,0.67,-9506.85,0.00,0.00,0.00,6049
28.68,0.67,-9586.15,0.00,0.00,0.00,6057
28.72,0.49,-9848.45,0.00,0.00,0.00,6065
28.75,0.61,-9848.45,0.00,0.00,0.00,6073
28.78,0.49,-9933.85,0.00,0.00,0.00,6081
28.82,0.61,-10217.50,0.00,0.00,0.00,6090
28.85,0.61,-10217.50,0.00,0.00,0.00,6100
28.89,0.61,-10376.10,0.00,0.00,0.00,6110
28.92,0.49,-10546.90,0.00,0.00,0.00,6120
28.95,0.61,-10546.90,0.00,0.00,0.00,6130
28.98,0.61,-10736.00,0.00,0.00,0.00,6140
29.01,0.61,-10854.95,0.00,0.00,0.00,6150
29.04,0.61,-10854.95,0.00,0.00,0.00,6160
29.08,0.61,-11089.80,0.00,0.00,0.00,6170
29.11,0.61,-11141.65,0.00,0.00,0.00,6180
29.14,0.61,-11141.65,0.00,0.00,0.00,6190
29.17,0.61,-11419.20,0.00,0.00,0.00,6200
29.20,0.61,-11489.35,0.00,0.00,0.00,6210
29.23,0.67,-11489.35,0.00,0.00,0.00,6220
29.26,0.61,-11785.20,0.00,0.00,0.00,6230
29.29,0.61,-11846.20,0.00,0.00,0.00,6240
29.32,0.61,-11846.20,0.00,0.00,0.00,6250
29.35,0.61,-12139.00,0.00,0.00,0.00,6260
29.38,0.61,-12172.55,0.00,0.00,0.00,6270
29.40,0.61,-12172.55,0.00,0.00,0.00,6280
29.43,0.49,-12477.55,0.00,0.00,0.00,6290
29.46,0.49,-12562.95,0.00,0.00,0.00,6300
29.49,0.61,-12562.95,0.00,0.00,0.00,6310
29.52,0.67,-12810.00,0.00,0.00,0.00,6320
29.54,0.61,-12901.50,0.00,0.00,0.00,6330
29.57,0.49,-12901.50,0.00,0.00,0.00,6340
29.60,0.61,-13169.90,0.00,0.00,0.00,6350
29.62,0.49,-13322.40,0.00,0.00,0.00,6360
29.65,0.61,-13322.40,0.00,0.00,0.00,6370
29.68,0.67,-13517.60,0.00,0.00,0.00,6380
29.71,0.61,-13670.10,0.00,0.00,0.00,6388
29.73,0.61,-13670.10,0.00,0.00,0.00,6396
29.76,0.61,-13773.80,0.00,0.00,0.00,6404
29.78,0.49,-14051.35,0.00,0.00,0.00,6412
29.81,0.61,-14051.35,0.00,0.00,0.00,6420
29.83,0.61,-14112.35,0.00,0.00,0.00,6428
29.86,0.61,-14371.60,0.00,0.00,0.00,6436
29.88,0.61,-14371.60,0.00,0.00,0.00,6444
29.91,0.61,-14536.30,0.00,0.00,0.00,6452
29.93,0.49,-14630.85,0.00,0.00,0.00,6460
29.96,0.61,-14630.85,0.00,0.00,0.00,6468
29.98,0.61,-14902.30,0.00,0.00,0.00,6476
30.01,0.61,-14957.20,0.00,0.00,0.00,6484
30.03,0.61,-14957.20,0.00,0.00,0.00,6492
30.05,0.49,-15228.65,0.00,0.00,0.00,6501
30.08,0.61,-15402.50,0.00,0.00,0.00,6511
30.10,0.49,-15402.50,0.00,0.00,0.00,6521
30.12,0.73,-15457.40,0.00,0.00,0.00,6531
30.15,0.61,-15722.75,0.00,0.00,0.00,6541
30.17,0.61,-15722.75,0.00,0.00,0.00,6551
30.19,0.61,-15933.20,0.00,0.00,0.00,6561
30.22,0.49,-15982.00,0.00,0.00,0.00,6571
30.24,0.49,-15982.00,0.00,0.00,0.00,6581
30.26,0.61,-16256.50,0.00,0.00,0.00,6591
30.28,0.67,-16421.20,0.00,0.00,0.00,6601
30.30,0.61,-16421.20,0.00,0.00,0.00,6611
30.33,0.49,-16460.85,0.00,0.00,0.00,6621
30.35,0.61,-16714.00,0.00,0.00,0.00,6631
30.37,0.49,-16714.00,0.00,0.00,0.00,6641
30.39,0.61,-16958.00,0.00,0.00,0.00,6651
30.41,0.61,-17019.00,0.00,0.00,0.00,6661
30.43,0.61,-17019.00,0.00,0.00,0.00,6671
30.45,0.61,-17168.45,0.00,0.00,0.00,6681
30.47,0.49,-17446.00,0.00,0.00,0.00,6691
30.49,0.67,-17446.00,0.00,0.00,0.00,6701
30.51,0.49,-17622.90,0.00,0.00,0.00,6711
30.53,0.61,-17629.00,0.00,0.00,0.00,6721
30.55,0.61,-17629.00,0.00,0.00,0.00,6731
30.57,0.61,-17866.90,0.00,0.00,0.00,6741
30.59,0.49,-18098.70,0.00,0.00,0.00,6751
30.61,0.61,-18098.70,0.00,0.00,0.00,6761
30.63,0.61,-18281.70,0.00,0.00,0.00,6771
30.65,0.61,-18290.85,0.00,0.00,0.00,6780
30.67,0.61,-18290.85,0.00,0.00,0.00,6788
30.69,0.61,-18525.70,0.00,0.00,0.00,6796
30.71,0.61,-18751.40,0.00,0.00,0.00,6804
30.73,0.61,-18751.40,0.00,0.00,0.00,6812
30.75,0.61,-18961.85,0.00,0.00,0.00,6820
30.77,0.61,-19044.20,0.00,0.00,0.00,6828
30.78,0.61,-19044.20,0.00,0.00,0.00,6836
30.80,0.61,-19111.30,0.00,0.00,0.00,6844
30.82,0.61,-19382.75,0.00,0.00,0.00,6852
30.84,0.61,-19382.75,0.00,0.00,0.00,6861
30.86,0.61,-19571.85,0.00,0.00,0.00,6869
30.88,0.61,-19803.65,0.00,0.00,0.00,6877
30.89,0.61,-19803.65,0.00,0.00,0.00,6887
30.91,0.61,-19916.50,0.00,0.00,0.00,6897
30.93,0.49,-19983.60,0.00,0.00,0.00,6907
30.94,0.61,-19983.60,0.00,0.00,0.00,6917
30.96,0.49,-20117.80,0.00,0.00,0.00,6927
30.97,0.67,-20367.90,0.00,0.00,0.00,6937
30.99,0.49,-20367.90,0.00,0.00,0.00,6947
31.01,0.67,-20590.55,0.00,0.00,0.00,6957
31.03,0.43,-20767.45,0.00,0.00,0.00,6967
31.04,0.73,-20767.45,0.00,0.00,0.00,6977
31.06,0.43,-20923.00,0.00,0.00,0.00,6987
31.07,0.67,-21078.55,0.00,0.00,0.00,6997
31.09,0.43,-21078.55,0.00,0.00,0.00,7007
31.10,0.67,-21130.40,0.00,0.00,0.00,7017
31.12,0.49,-21224.95,0.00,0.00,0.00,7027
31.14,0.61,-21224.95,0.00,0.00,0.00,7037
31.15,0.67,-21392.70,0.00,0.00,0.00,7047
31.17,0.37,-21600.10,0.00,0.00,0.00,7057
31.18,0.79,-21600.10,0.00,0.00,0.00,7067
31.20,0.37,-21844.10,0.00,0.00,0.00,7077
31.21,0.73,-22042.35,0.00,0.00,0.00,7087
31.23,0.37,-22042.35,0.00,0.00,0.00,7097
31.24,0.67,-22219.25,0.00,0.00,0.00,7107
31.25,0.61,-22344.30,0.00,0.00,0.00,7117
31.27,0.49,-22344.30,0.00,0.00,0.00,7127
31.28,0.79,-22563.90,0.00,0.00,0.00,7136
31.30,0.43,-22685.90,0.00,0.00,0.00,7144
31.31,0.79,-22685.90,0.00,0.00,0.00,7152
31.33,0.37,-22798.75,0.00,0.00,0.00,7160
31.34,0.61,-22969.55,0.00,0.00,0.00,7168
31.35,0.61,-22969.55,0.00,0.00,0.00,7176
31.37,0.43,-23079.35,0.00,0.00,0.00,7184
31.38,0.67,-23274.55,0.00,0.00,0.00,7192
31.40,0.43,-23274.55,0.00,0.00,0.00,7200
31.41,0.73,-23375.20,0.00,0.00,0.00,7208
31.42,0.61,-23485.00,0.00,0.00,0.00,7216
31.44,0.61,-23485.00,0.00,0.00,0.00,7224
31.45,0.61,-23664.95,0.00,0.00,0.00,7233
31.47,0.61,-23829.65,0.00,0.00,0.00,7243
31.48,0.61,-23829.65,0.00,0.00,0.00,7253
31.49,0.61,-23948.60,0.00,0.00,0.00,7263
31.51,0.49,-24101.10,0.00,0.00,0.00,7273
31.52,0.61,-24101.10,0.00,0.00,0.00,7283
31.53,0.67,-24305.45,0.00,0.00,0.00,7293
31.55,0.49,-24473.20,0.00,0.00,0.00,7303
31.55,0.61,-24473.20,0.00,0.00,0.00,7313
31.57,0.61,-24616.55,0.00,0.00,0.00,7323
31.58,0.61,-24769.05,0.00,0.00,0.00,7333
31.59,0.61,-24769.05,0.00,0.00,0.00,7343
31.60,0.61,-24991.70,0.00,0.00,0.00,7353
31.62,0.61,-25156.40,0.00,0.00,0.00,7363
31.63,0.61,-25156.40,0.00,0.00,0.00,7373
31.64,0.61,-25311.95,0.00,0.00,0.00,7383
31.66,0.61,-25546.80,0.00,0.00,0.00,7393
31.66,0.61,-25546.80,0.00,0.00,0.00,7403
31.68,0.61,-25690.15,0.00,0.00,0.00,7413
31.69,0.61,-25812.15,0.00,0.00,0.00,7423
31.70,0.61,-25812.15,0.00,0.00,0.00,7433
31.71,0.61,-25952.45,0.00,0.00,0.00,7443
31.72,0.61,-26053.10,0.00,0.00,0.00,7453
31.74,0.61,-26053.10,0.00,0.00,0.00,7463
31.75,0.61,-26162.90,0.00,0.00,0.00,7473
31.76,0.61,-26300.15,0.00,0.00,0.00,7483
31.77,0.61,-26300.15,0.00,0.00,0.00,7493
31.78,0.61,-26367.25,0.00,0.00,0.00,7503
31.80,0.61,-26538.05,0.00,0.00,0.00,7513
31.80,0.61,-26538.05,0.00,0.00,0.00,7523
31.81,0.61,-26782.05,0.00,0.00,0.00,7531
31.82,0.61,-26995.55,0.00,0.00,0.00,7539
31.84,0.61,-26995.55,0.00,0.00,0.00,7547
31.85,0.49,-27206.00,0.00,0.00,0.00,7555
31.85,0.61,-27331.05,0.00,0.00,0.00,7563
31.87,0.61,-27331.05,0.00,0.00,0.00,7571
31.88,0.49,-27398.15,0.00,0.00,0.00,7579
31.89,0.37,-27511.00,0.00,0.00,0.00,7587
31.90,0.61,-27511.00,0.00,0.00,0.00,7595
31.91,0.61,-27590.30,0.00,0.00,0.00,7603
31.92,0.61,-27846.50,0.00,0.00,0.00,7611
31.93,0.61,-27846.50,0.00,0.00,0.00,7619
31.94,0.67,-28056.95,0.00,0.00,0.00,7627
31.95,0.61,-28215.55,0.00,0.00,0.00,7635
31.96,0.43,-28215.55,0.00,0.00,0.00,7643
31.97,0.49,-28355.85,0.00,0.00,0.00,7653
31.98,0.67,-28395.50,0.00,0.00,0.00,7663
31.99,0.61,-28395.50,0.00,0.00,0.00,7673
32.00,0.49,-28511.40,0.00,0.00,0.00,7683
32.01,0.49,-28764.55,0.00,0.00,0.00,7693
32.01,0.61,-28764.55,0.00,0.00,0.00,7703
32.02,0.67,-29002.45,0.00,0.00,0.00,7713
32.03,0.61,-29136.65,0.00,0.00,0.00,7723
32.04,0.61,-29136.65,0.00,0.00,0.00,7733
32.05,0.61,-29142.75,0.00,0.00,0.00,7743
32.06,0.61,-29115.30,0.00,0.00,0.00,7753
32.07,0.61,-29115.30,0.00,0.00,0.00,7763
32.08,0.61,-29258.65,0.00,0.00,0.00,7773
32.09,0.61,-29225.10,0.00,0.00,0.00,7783
32.10,0.61,-29225.10,0.00,0.00,0.00,7793
32.10,0.61,-29090.90,0.00,0.00,0.00,7803
32.11,0.61,-28920.10,0.00,0.00,0.00,7813
32.12,0.61,-28920.10,0.00,0.00,0.00,7823
32.13,0.49,-28950.60,0.00,0.00,0.00,7833
32.14,0.61,-28993.30,0.00,0.00,0.00,7843
32.15,0.61,-28993.30,0.00,0.00,0.00,7853
32.15,0.61,-29005.50,0.00,0.00,0.00,7863
32.16,0.61,-28816.40,0.00,0.00,0.00,7873
32.17,0.61,-28816.40,0.00,0.00,0.00,7883
32.18,0.61,-28660.85,0.00,0.00,0.00,7893
32.19,0.61,-28706.60,0.00,0.00,0.00,7903
32.20,0.61,-28706.60,0.00,0.00,0.00,7913
32.20,0.43,-28761.50,0.00,0.00,0.00,7923
32.21,0.61,-28682.20,0.00,0.00,0.00,7933
32.22,0.61,-28682.20,0.00,0.00,0.00,7943
32.23,0.61,-28593.75,0.00,0.00,0.00,7953
32.23,0.61,-28422.95,0.00,0.00,0.00,7964
32.24,0.61,-28422.95,0.00,0.00,0.00,7972
32.25,0.61,-28429.05,0.00,0.00,0.00,7980
32.26,0.61,-28453.45,0.00,0.00,0.00,7988
32.27,0.67,-28453.45,0.00,0.00,0.00,7996
32.27,0.61,-28480.90,0.00,0.00,0.00,8004
32.28,0.49,-28380.25,0.00,0.00,0.00,8012
32.29,0.43,-28380.25,0.00,0.00,0.00,8020
32.29,0.49,-28191.15,0.00,0.00,0.00,8028
32.30,0.61,-28124.05,0.00,0.00,0.00,8036
32.31,0.67,-28124.05,0.00,0.00,0.00,8044
32.31,0.61,-28197.25,0.00,0.00,0.00,8052
32.32,0.61,-28261.30,0.00,0.00,0.00,8060
32.33,0.61,-28261.30,0.00,0.00,0.00,8068
32.34,0.61,-28194.20,0.00,0.00,0.00,8076
32.34,0.61,-28041.70,0.00,0.00,0.00,8084
32.35,0.61,-28041.70,0.00,0.00,0.00,8093
32.36,0.61,-27941.05,0.00,0.00,0.00,8103
32.36,0.61,-27880.05,0.00,0.00,0.00,8113
32.37,0.61,-27880.05,0.00,0.00,0.00,8123
32.38,0.49,-27919.70,0.00,0.00,0.00,8133
32.38,0.49,-27947.15,0.00,0.00,0.00,8143
32.39,0.61,-27947.15,0.00,0.00,0.00,8153
32.39,0.61,-27925.80,0.00,0.00,0.00,8163
32.40,0.61,-27767.20,0.00,0.00,0.00,8173
32.41,0.67,-27767.20,0.00,0.00,0.00,8183
32.42,0.61,-27614.70,0.00,0.00,0.00,8193
32.42,0.61,-27568.95,0.00,0.00,0.00,8203
32.43,0.61,-27568.95,0.00,0.00,0.00,8213
32.43,0.49,-27611.65,0.00,0.00,0.00,8223
32.44,0.49,-27614.70,0.00,0.00,0.00,8233
32.44,0.61,-27614.70,0.00,0.00,0.00,8243
32.45,0.61,-27599.45,0.00,0.00,0.00,8253
32.45,0.61,-27520.15,0.00,0.00,0.00,8263
32.46,0.49,-27520.15,0.00,0.00,0.00,8273
32.47,0.43,-27425.60,0.00,0.00,0.00,8283
32.47,0.61,-27291.40,0.00,0.00,0.00,8293
32.48,0.67,-27291.40,0.00,0.00,0.00,8303
32.48,0.61,-27212.10,0.00,0.00,0.00,8313
32.49,0.61,-27294.45,0.00,0.00,0.00,8323
32.50,0.61,-27294.45,0.00,0.00,0.00,8333
32.50,0.49,-27297.50,0.00,0.00,0.00,8343
32.51,0.37,-27267.00,0.00,0.00,0.00,8353
32.51,0.49,-27267.00,0.00,0.00,0.00,8363
32.52,0.61,-27190.75,0.00,0.00,0.00,8373
32.52,0.67,-27132.80,0.00,0.00,0.00,8383
32.53,0.61,-27132.80,0.00,0.00,0.00,8393
32.54,0.49,-26974.20,0.00,0.00,0.00,8403
32.54,0.61,-26940.65,0.00,0.00,0.00,8413
32.55,0.61,-26940.65,0.00,0.00,0.00,8423
32.55,0.61,-26873.55,0.00,0.00,0.00,8433
32.56,0.49,-26901.00,0.00,0.00,0.00,8441
32.56,0.61,-26901.00,0.00,0.00,0.00,8449
32.57,0.61,-26946.75,0.00,0.00,0.00,8457
32.58,0.61,-26925.40,0.00,0.00,0.00,8465
32.58,0.49,-26925.40,0.00,0.00,0.00,8473
32.59,0.49,-26843.05,0.00,0.00,0.00,8481
32.59,0.61,-26739.35,0.00,0.00,0.00,8489
32.60,0.61,-26739.35,0.00,0.00,0.00,8497
32.60,0.61,-26592.95,0.00,0.00,0.00,8505
32.60,0.61,-26528.90,0.00,0.00,0.00,8513
32.61,0.61,-26528.90,0.00,0.00,0.00,8521
32.62,0.61,-26455.70,0.00,0.00,0.00,8529
32.62,0.49,-26464.85,0.00,0.00,0.00,8537
32.62,0.49,-26464.85,0.00,0.00,0.00,8547
32.63,0.61,-26516.70,0.00,0.00,0.00,8557
32.64,0.61,-26492.30,0.00,0.00,0.00,8567
32.64,0.61,-26492.30,0.00,0.00,0.00,8577
32.64,0.61,-26474.00,0.00,0.00,0.00,8587
32.64,0.61,-26413.00,0.00,0.00,0.00,8597
32.65,0.61,-26413.00,0.00,0.00,0.00,8607
32.65,0.61,-26367.25,0.00,0.00,0.00,8617
32.66,0.61,-26278.80,0.00,0.00,0.00,8627
32.66,0.73,-26278.80,0.00,0.00,0.00,8637
32.67,0.61,-26172.05,0.00,0.00,0.00,8647
32.67,0.49,-26043.95,0.00,0.00,0.00,8657
32.68,0.49,-26043.95,0.00,0.00,0.00,8667
32.68,0.61,-26028.70,0.00,0.00,0.00,8677
32.68,0.49,-25967.70,0.00,0.00,0.00,8687
32.68,0.61,-25967.70,0.00,0.00,0.00,8697
32.69,0.61,-26040.90,0.00,0.00,0.00,8707
32.69,0.67,-26031.75,0.00,0.00,0.00,8717
32.70,0.61,-26031.75,0.00,0.00,0.00,8727
32.70,0.49,-26034.80,0.00,0.00,0.00,8737
32.70,0.61,-25949.40,0.00,0.00,0.00,8747
32.71,0.49,-25949.40,0.00,0.00,0.00,8757
32.71,0.61,-25921.95,0.00,0.00,0.00,8767
32.72,0.61,-25867.05,0.00,0.00,0.00,8777
32.72,0.61,-25867.05,0.00,0.00,0.00,8787
32.73,0.61,-25803.00,0.00,0.00,0.00,8797
32.73,0.49,-25717.60,0.00,0.00,0.00,8807
32.73,0.61,-25717.60,0.00,0.00,0.00,8816
32.74,0.67,-25656.60,0.00,0.00,0.00,8824
32.74,0.61,-25586.45,0.00,0.00,0.00,8832
32.75,0.61,-25586.45,0.00,0.00,0.00,8840
32.75,0.61,-25501.05,0.00,0.00,0.00,8848
32.75,0.61,-25406.50,0.00,0.00,0.00,8856
32.76,0.61,-25406.50,0.00,0.00,0.00,8865
32.76,0.61,-25403.45,0.00,0.00,0.00,8873
32.76,0.61,-25363.80,0.00,0.00,0.00,8881
32.77,0.61,-25363.80,0.00,0.00,0.00,8889
32.77,0.61,-25376.00,0.00,0.00,0.00,8897
32.77,0.61,-25391.25,0.00,0.00,0.00,8905
32.78,0.67,-25391.25,0.00,0.00,0.00,8913
32.78,0.49,-25379.05,0.00,0.00,0.00,8922
32.78,0.49,-25345.50,0.00,0.00,0.00,8932
32.79,0.61,-25345.50,0.00,0.00,0.00,8942
32.79,0.49,-25318.05,0.00,0.00,0.00,8952
32.79,0.61,-25275.35,0.00,0.00,0.00,8962
32.80,0.67,-25275.35,0.00,0.00,0.00,8972
32.80,0.49,-25241.80,0.00,0.00,0.00,8982
32.80,0.49,-25193.00,0.00,0.00,0.00,8992
32.81,0.61,-25193.00,0.00,0.00,0.00,9002
32.81,0.61,-25110.65,0.00,0.00,0.00,9012
32.81,0.49,-25067.95,0.00,0.00,0.00,9022
32.81,0.61,-25067.95,0.00,0.00,0.00,9032
32.82,0.61,-24997.80,0.00,0.00,0.00,9042
32.82,0.61,-24958.15,0.00,0.00,0.00,9052
32.82,0.49,-24958.15,0.00,0.00,0.00,9062
32.83,0.61,-24869.70,0.00,0.00,0.00,9072
32.83,0.61,-24823.95,0.00,0.00,0.00,9082
32.83,0.61,-24823.95,0.00,0.00,0.00,9092
32.84,0.61,-24741.60,0.00,0.00,0.00,9102
32.84,0.61,-24683.65,0.00,0.00,0.00,9112
32.85,0.49,-24683.65,0.00,0.00,0.00,9122
32.85,0.61,-24631.80,0.00,0.00,0.00,9132
32.85,0.61,-24555.55,0.00,0.00,0.00,9142
32.86,0.61,-24555.55,0.00,0.00,0.00,9152
32.86,0.61,-24506.75,0.00,0.00,0.00,9161
32.86,0.61,-24445.75,0.00,0.00,0.00,9171
32.87,0.61,-24445.75,0.00,0.00,0.00,9181
32.87,0.61,-24409.15,0.00,0.00,0.00,9191
32.87,0.49,-24366.45,0.00,0.00,0.00,9201
32.88,0.61,-24366.45,0.00,0.00,0.00,9211
32.88,0.61,-24329.85,0.00,0.00,0.00,9219
32.88,0.61,-24302.40,0.00,0.00,0.00,9227
32.88,0.61,-24302.40,0.00,0.00,0.00,9235
32.89,0.61,-24278.00,0.00,0.00,0.00,9243
32.89,0.61,-24213.95,0.00,0.00,0.00,9251
32.90,0.61,-24213.95,0.00,0.00,0.00,9259
32.90,0.61,-24174.30,0.00,0.00,0.00,9267
32.90,0.61,-24189.55,0.00,0.00,0.00,9275
32.90,0.61,-24189.55,0.00,0.00,0.00,9283
32.91,0.61,-24134.65,0.00,0.00,0.00,9291
32.91,0.61,-24088.90,0.00,0.00,0.00,9299
32.91,0.61,-24088.90,0.00,0.00,0.00,9307
32.92,0.61,-24058.40,0.00,0.00,0.00,9315
32.92,0.61,-24030.95,0.00,0.00,0.00,9325
32.92,0.49,-24030.95,0.00,0.00,0.00,9335
32.92,0.43,-23982.15,0.00,0.00,0.00,9345
32.92,0.61,-23942.50,0.00,0.00,0.00,9355
32.92,0.61,-23942.50,0.00,0.00,0.00,9365
32.93,0.61,-23890.65,0.00,0.00,0.00,9375
32.93,0.61,-23832.70,0.00,0.00,0.00,9385
32.93,0.61,-23832.70,0.00,0.00,0.00,9395
32.94,0.49,-23777.80,0.00,0.00,0.00,9405
32.94,0.49,-23768.65,0.00,0.00,0.00,9415
32.94,0.61,-23768.65,0.00,0.00,0.00,9425
32.94,0.49,-23719.85,0.00,0.00,0.00,9435
32.95,0.61,-23658.85,0.00,0.00,0.00,9445
32.95,0.49,-23658.85,0.00,0.00,0.00,9455
32.95,0.49,-23613.10,0.00,0.00,0.00,9465
32.95,0.49,-23546.00,0.00,0.00,0.00,9475
32.95,0.61,-23546.00,0.00,0.00,0.00,9485
32.96,0.61,-23500.25,0.00,0.00,0.00,9495
32.96,0.61,-23469.75,0.00,0.00,0.00,9505
32.96,0.61,-23469.75,0.00,0.00,0.00,9515
32.97,0.49,-23427.05,0.00,0.00,0.00,9525
32.97,0.61,-23408.75,0.00,0.00,0.00,9535
32.97,0.61,-23408.75,0.00,0.00,0.00,9545
32.97,0.61,-23363.00,0.00,0.00,0.00,9555
32.97,0.49,-23305.05,0.00,0.00,0.00,9565
32.98,0.61,-23305.05,0.00,0.00,0.00,9575
32.98,0.61,-23286.75,0.00,0.00,0.00,9585
32.98,0.61,-23216.60,0.00,0.00,0.00,9593
32.98,0.61,-23216.60,0.00,0.00,0.00,9601
32.99,0.61,-23225.75,0.00,0.00,0.00,9609
32.99,0.61,-23189.15,0.00,0.00,0.00,9617
32.99,0.61,-23189.15,0.00,0.00,0.00,9625
33.00,0.49,-23173.90,0.00,0.00,0.00,9633
33.00,0.61,-23143.40,0.00,0.00,0.00,9641
33.00,0.61,-23143.40,0.00,0.00,0.00,9649
33.00,0.61,-23115.95,0.00,0.00,0.00,9657
33.00,0.61,-23109.85,0.00,0.00,0.00,9665
33.00,0.61,-23109.85,0.00,0.00,0.00,9673
33.01,0.61,-23070.20,0.00,0.00,0.00,9681
33.01,0.67,-23061.05,0.00,0.00,0.00,9689
33.01,0.61,-23061.05,0.00,0.00,0.00,9698
33.02,0.61,-23000.05,0.00,0.00,0.00,9708
33.02,0.61,-22984.80,0.00,0.00,0.00,9718
33.02,0.61,-22984.80,0.00,0.00,0.00,9728
33.02,0.61,-22957.35,0.00,0.00,0.00,9738
33.02,0.61,-22917.70,0.00,0.00,0.00,9748
33.03,0.61,-22917.70,0.00,0.00,0.00,9758
33.03,0.49,-22878.05,0.00,0.00,0.00,9768
33.03,0.49,-22771.30,0.00,0.00,0.00,9778
33.04,0.61,-22771.30,0.00,0.00,0.00,9788
33.04,0.61,-22746.90,0.00,0.00,0.00,9798
33.04,0.49,-22695.05,0.00,0.00,0.00,9808
33.04,0.43,-22695.05,0.00,0.00,0.00,9818
33.04,0.61,-22588.30,0.00,0.00,0.00,9828
33.04,0.61,-22533.40,0.00,0.00,0.00,9838
33.05,0.61,-22533.40,0.00,0.00,0.00,9848
33.04,0.61,-22432.75,0.00,0.00,0.00,9858
33.05,0.61,-22387.00,0.00,0.00,0.00,9868
33.05,0.61,-22387.00,0.00,0.00,0.00,9878
33.05,0.61,-22335.15,0.00,0.00,0.00,9888
33.05,0.61,-22338.20,0.00,0.00,0.00,9898
33.05,0.61,-22338.20,0.00,0.00,0.00,9908
33.06,0.61,-22374.80,0.00,0.00,0.00,9918
33.06,0.49,-22335.15,0.00,0.00,0.00,9928
33.06,0.61,-22335.15,0.00,0.00,0.00,9938
33.06,0.61,-22316.85,0.00,0.00,0.00,9948
33.06,0.61,-22304.65,0.00,0.00,0.00,9958
33.07,0.67,-22304.65,0.00,0.00,0.00,9968
33.07,0.49,-22289.40,0.00,0.00,0.00,9976
33.07,0.61,-22261.95,0.00,0.00,0.00,9984
33.07,0.61,-22261.95,0.00,0.00,0.00,9992
33.08,0.49,-22222.30,0.00,0.00,0.00,10000
33.07,0.61,-22146.05,0.00,0.00,0.00,10008
33.08,0.61,-22146.05,0.00,0.00,0.00,10016
33.08,0.49,-22063.70,0.00,0.00,0.00,10024
33.08,0.61,-21984.40,0.00,0.00,0.00,10032
33.08,0.61,-21984.40,0.00,0.00,0.00,10040
33.08,0.61,-21914.25,0.00,0.00,0.00,10048
33.08,0.61,-21813.60,0.00,0.00,0.00,10056
33.08,0.49,-21813.60,0.00,0.00,0.00,10066
33.08,0.61,-21828.85,0.00,0.00,0.00,10076
33.09,0.61,-21831.90,0.00,0.00,0.00,10086
33.09,0.61,-21831.90,0.00,0.00,0.00,10096
33.09,0.61,-21859.35,0.00,0.00,0.00,10106
33.09,0.61,-21831.90,0.00,0.00,0.00,10116
33.09,0.61,-21831.90,0.00,0.00,0.00,10126
33.10,0.49,-21789.20,0.00,0.00,0.00,10136
33.10,0.61,-21764.80,0.00,0.00,0.00,10146
33.10,0.61,-21764.80,0.00,0.00,0.00,10156
33.10,0.61,-21752.60,0.00,0.00,0.00,10166
33.10,0.61,-21624.50,0.00,0.00,0.00,10176
33.10,0.61,-21624.50,0.00,0.00,0.00,10186
33.10,0.49,-21511.65,0.00,0.00,0.00,10196
33.10,0.61,-21435.40,0.00,0.00,0.00,10206
33.11,0.49,-21435.40,0.00,0.00,0.00,10216
33.10,0.61,-21407.95,0.00,0.00,0.00,10226
33.11,0.61,-21407.95,0.00,0.00,0.00,10236
33.11,0.61,-21407.95,0.00,0.00,0.00,10246
33.11,0.61,-21450.65,0.00,0.00,0.00,10256
33.11,0.49,-21468.95,0.00,0.00,0.00,10266
33.11,0.61,-21468.95,0.00,0.00,0.00,10276
33.11,0.61,-21407.95,0.00,0.00,0.00,10286
33.11,0.61,-21346.95,0.00,0.00,0.00,10296
33.11,0.67,-21346.95,0.00,0.00,0.00,10305
33.12,0.49,-21285.95,0.00,0.00,0.00,10313
33.12,0.61,-21206.65,0.00,0.00,0.00,10321
33.12,0.49,-21206.65,0.00,0.00,0.00,10329
33.12,0.49,-21121.25,0.00,0.00,0.00,10337
33.12,0.67,-21093.80,0.00,0.00,0.00,10345
33.12,0.49,-21093.80,0.00,0.00,0.00,10353
33.12,0.67,-21109.05,0.00,0.00,0.00,10361
33.13,0.49,-21121.25,0.00,0.00,0.00,10369
33.13,0.61,-21121.25,0.00,0.00,0.00,10377